{
    "metrics": {
        "checks": {
            "fails": 73,
            "passes": 73,
            "value": 0
        },
        "data_received": {
            "count": 75725,
            "rate": 11479.605043373655
        },
        "data_sent": {
            "count": 25035,
            "rate": 3795.205180070775
        },
        "dropped_iterations": {
            "count": 177,
            "rate": 26.832487192831124
        },
        "http_req_blocked": {
            "avg": 290.9112808219178,
            "max": 4428.0088,
            "med": 0.0524,
            "min": 0.027,
            "p(90)": 1129.3778599999996,
            "p(95)": 1961.2048199999986
        },
        "http_req_connecting": {
            "avg": 136.23127260273972,
            "max": 2322.5701,
            "med": 0,
            "min": 0,
            "p(90)": 283.94952,
            "p(95)": 1295.1355
        },
        "http_req_duration": {
            "avg": 414.6177684931506,
            "max": 1880.9534,
            "med": 286.1188,
            "min": 263.5237,
            "p(90)": 1114.06776,
            "p(95)": 1191.0388999999998
        },
        "http_req_receiving": {
            "avg": 125.37702328767122,
            "max": 1587.1661,
            "med": 0.2669,
            "min": 0.108,
            "p(90)": 822.59516,
            "p(95)": 918.84656
        },
        "http_req_sending": {
            "avg": 0.2323027397260274,
            "max": 0.7583,
            "med": 0.1927,
            "min": 0.0835,
            "p(90)": 0.40218,
            "p(95)": 0.42454
        },
        "http_req_tls_handshaking": {
            "avg": 148.95775342465754,
            "max": 2109.653,
            "med": 0,
            "min": 0,
            "p(90)": 621.2511199999997,
            "p(95)": 1242.8755999999996
        },
        "http_req_waiting": {
            "avg": 289.00844246575343,
            "max": 660.2583,
            "med": 279.334,
            "min": 263.0551,
            "p(90)": 293.5476,
            "p(95)": 297.83995999999996
        },
        "http_reqs": {
            "count": 73,
            "rate": 11.066506017382329
        },
        "iteration_duration": {
            "avg": 706.4735082191784,
            "max": 4692.7592,
            "med": 290.2421,
            "min": 265.7554,
            "p(90)": 1915.0347599999998,
            "p(95)": 2581.1832399999953
        },
        "iterations": {
            "count": 73,
            "rate": 11.066506017382329
        },
        "vus": {
            "max": 10,
            "min": 10,
            "value": 10
        },
        "vus_max": {
            "max": 10,
            "min": 10,
            "value": 10
        }
    },
    "root_group": {
        "name": "",
        "path": "",
        "id": "d41d8cd98f00b204e9800998ecf8427e",
        "groups": {},
        "checks": {
            "is status 200": {
                "name": "is status 200",
                "path": "::is status 200",
                "id": "548d37ca5f33793206f7832e7cea54fb",
                "passes": 73,
                "fails": 0
            },
            "no error in body": {
                "name": "no error in body",
                "path": "::no error in body",
                "id": "2304d1de9b435292b5c06f40b4167043",
                "passes": 0,
                "fails": 73
            }
        }
    }
}
