{
    "metrics": {
        "checks": {
            "fails": 12,
            "passes": 10,
            "value": 0
        },
        "data_received": {
            "count": 43281,
            "rate": 1432.7405286775806
        },
        "data_sent": {
            "count": 6657,
            "rate": 220.3681453618598
        },
        "dropped_iterations": {
            "count": 239,
            "rate": 7.911669932624981
        },
        "http_req_blocked": {
            "avg": 4668.851209090909,
            "max": 11019.6417,
            "med": 4639.9312,
            "min": 0,
            "p(90)": 6457.4973,
            "p(95)": 8738.5695
        },
        "http_req_connecting": {
            "avg": 1485.7341,
            "max": 4445.9586,
            "med": 1379.1492,
            "min": 0,
            "p(90)": 3405.8757,
            "p(95)": 3925.91715
        },
        "http_req_duration": {
            "avg": 2275.2977454545453,
            "max": 10974.1057,
            "med": 1210.2915,
            "min": 0,
            "p(90)": 4143.6241,
            "p(95)": 7558.8649000000005
        },
        "http_req_receiving": {
            "avg": 0.27654545454545454,
            "max": 0.4255,
            "med": 0.3082,
            "min": 0,
            "p(90)": 0.4219,
            "p(95)": 0.42369999999999997
        },
        "http_req_sending": {
            "avg": 0.27382727272727275,
            "max": 0.5534,
            "med": 0.216,
            "min": 0,
            "p(90)": 0.527,
            "p(95)": 0.5402
        },
        "http_req_tls_handshaking": {
            "avg": 3162.2674,
            "max": 10662.1093,
            "med": 2677.6955,
            "min": 0,
            "p(90)": 4060.3598,
            "p(95)": 7361.23455
        },
        "http_req_waiting": {
            "avg": 2274.7473727272727,
            "max": 10973.528,
            "med": 1209.5033,
            "min": 0,
            "p(90)": 4142.9666,
            "p(95)": 7558.2473
        },
        "http_reqs": {
            "count": 11,
            "rate": 0.3641354362296016
        },
        "iteration_duration": {
            "avg": 9675.777309090909,
            "max": 30004.6252,
            "med": 7202.4892,
            "min": 308.8491,
            "p(90)": 16534.0371,
            "p(95)": 23269.331149999998
        },
        "iterations": {
            "count": 11,
            "rate": 0.3641354362296016
        },
        "vus": {
            "max": 10,
            "min": 10,
            "value": 10
        },
        "vus_max": {
            "max": 10,
            "min": 10,
            "value": 10
        }
    },
    "root_group": {
        "name": "",
        "path": "",
        "id": "d41d8cd98f00b204e9800998ecf8427e",
        "groups": {},
        "checks": {
            "is status 200": {
                "name": "is status 200",
                "path": "::is status 200",
                "id": "548d37ca5f33793206f7832e7cea54fb",
                "passes": 10,
                "fails": 1
            },
            "no error in body": {
                "name": "no error in body",
                "path": "::no error in body",
                "id": "2304d1de9b435292b5c06f40b4167043",
                "passes": 0,
                "fails": 11
            }
        }
    }
}
