{
    "metrics": {
        "checks": {
            "fails": 11,
            "passes": 9,
            "value": 0
        },
        "data_received": {
            "count": 42965,
            "rate": 1423.289675381497
        },
        "data_sent": {
            "count": 6372,
            "rate": 211.08348217225415
        },
        "dropped_iterations": {
            "count": 241,
            "rate": 7.983540364644265
        },
        "http_req_blocked": {
            "avg": 6592.3418,
            "max": 14265.8391,
            "med": 5896.034,
            "min": 0,
            "p(90)": 12527.614379999999,
            "p(95)": 13396.726739999998
        },
        "http_req_connecting": {
            "avg": 4258.34883,
            "max": 11583.5937,
            "med": 3359.32065,
            "min": 0,
            "p(90)": 6043.039169999997,
            "p(95)": 8813.316434999993
        },
        "http_req_duration": {
            "avg": 5876.938550000001,
            "max": 23659.0949,
            "med": 5301.68185,
            "min": 0,
            "p(90)": 8165.454589999994,
            "p(95)": 15912.27474499998
        },
        "http_req_receiving": {
            "avg": 0.36524999999999996,
            "max": 0.5935,
            "med": 0.32955,
            "min": 0,
            "p(90)": 0.5877399999999999,
            "p(95)": 0.59062
        },
        "http_req_sending": {
            "avg": 0.3134,
            "max": 0.5204,
            "med": 0.32455,
            "min": 0,
            "p(90)": 0.50213,
            "p(95)": 0.511265
        },
        "http_req_tls_handshaking": {
            "avg": 2313.69107,
            "max": 8934.1219,
            "med": 1572.048,
            "min": 0,
            "p(90)": 3947.164929999998,
            "p(95)": 6440.643414999993
        },
        "http_req_waiting": {
            "avg": 5876.2599,
            "max": 23658.4081,
            "med": 5300.880499999999,
            "min": 0,
            "p(90)": 8164.407429999994,
            "p(95)": 15911.407764999982
        },
        "http_reqs": {
            "count": 10,
            "rate": 0.33126723504747985
        },
        "iteration_duration": {
            "avg": 15473.674779999998,
            "max": 30003.4909,
            "med": 11668.66595,
            "min": 10377.5098,
            "p(90)": 29555.7526,
            "p(95)": 29779.62175
        },
        "iterations": {
            "count": 10,
            "rate": 0.33126723504747985
        },
        "vus": {
            "max": 10,
            "min": 10,
            "value": 10
        },
        "vus_max": {
            "max": 10,
            "min": 10,
            "value": 10
        }
    },
    "root_group": {
        "name": "",
        "path": "",
        "id": "d41d8cd98f00b204e9800998ecf8427e",
        "groups": {},
        "checks": {
            "is status 200": {
                "name": "is status 200",
                "path": "::is status 200",
                "id": "548d37ca5f33793206f7832e7cea54fb",
                "passes": 9,
                "fails": 1
            },
            "no error in body": {
                "name": "no error in body",
                "path": "::no error in body",
                "id": "2304d1de9b435292b5c06f40b4167043",
                "passes": 0,
                "fails": 10
            }
        }
    }
}
