{
    "metrics": {
        "checks": {
            "fails": 36,
            "passes": 36,
            "value": 0
        },
        "data_received": {
            "count": 59045,
            "rate": 6661.785306336689
        },
        "data_sent": {
            "count": 14490,
            "rate": 1634.8423929006458
        },
        "dropped_iterations": {
            "count": 214,
            "rate": 24.14467026092051
        },
        "http_req_blocked": {
            "avg": 889.6745611111112,
            "max": 8310.4786,
            "med": 0.06785,
            "min": 0.0232,
            "p(90)": 3184.2214999999997,
            "p(95)": 4103.36065
        },
        "http_req_connecting": {
            "avg": 342.68440277777773,
            "max": 5469.1851,
            "med": 0,
            "min": 0,
            "p(90)": 826.2164,
            "p(95)": 1595.99065
        },
        "http_req_duration": {
            "avg": 779.9322111111111,
            "max": 3679.3691,
            "med": 319.0172,
            "min": 302.4152,
            "p(90)": 1798.4591500000001,
            "p(95)": 3096.102175
        },
        "http_req_receiving": {
            "avg": 48.285947222222234,
            "max": 1722.9748,
            "med": 0.33815,
            "min": 0.1157,
            "p(90)": 0.9027499999999999,
            "p(95)": 1.075175
        },
        "http_req_sending": {
            "avg": 0.23740277777777774,
            "max": 0.5223,
            "med": 0.24045,
            "min": 0.0889,
            "p(90)": 0.34704999999999997,
            "p(95)": 0.396375
        },
        "http_req_tls_handshaking": {
            "avg": 540.6299222222221,
            "max": 2927.642,
            "med": 0,
            "min": 0,
            "p(90)": 2756.9961999999996,
            "p(95)": 2844.47995
        },
        "http_req_waiting": {
            "avg": 731.408861111111,
            "max": 3678.4858,
            "med": 317.96320000000003,
            "min": 301.9125,
            "p(90)": 1328.8849500000001,
            "p(95)": 3095.50655
        },
        "http_reqs": {
            "count": 36,
            "rate": 4.061720230809057
        },
        "iteration_duration": {
            "avg": 1670.6263555555556,
            "max": 8620.4667,
            "med": 1023.2482,
            "min": 303.6238,
            "p(90)": 3624.6421499999997,
            "p(95)": 4408.96335
        },
        "iterations": {
            "count": 36,
            "rate": 4.061720230809057
        },
        "vus": {
            "max": 10,
            "min": 10,
            "value": 10
        },
        "vus_max": {
            "max": 10,
            "min": 10,
            "value": 10
        }
    },
    "root_group": {
        "name": "",
        "path": "",
        "id": "d41d8cd98f00b204e9800998ecf8427e",
        "groups": {},
        "checks": {
            "is status 200": {
                "name": "is status 200",
                "path": "::is status 200",
                "id": "548d37ca5f33793206f7832e7cea54fb",
                "passes": 36,
                "fails": 0
            },
            "no error in body": {
                "name": "no error in body",
                "path": "::no error in body",
                "id": "2304d1de9b435292b5c06f40b4167043",
                "passes": 0,
                "fails": 36
            }
        }
    }
}
