{
    "metrics": {
        "checks": {
            "fails": 13,
            "passes": 13,
            "value": 0
        },
        "data_received": {
            "count": 48906,
            "rate": 1416.2874305559137
        },
        "data_sent": {
            "count": 7935,
            "rate": 229.79267904676678
        },
        "dropped_iterations": {
            "count": 238,
            "rate": 6.8923324024109
        },
        "http_req_blocked": {
            "avg": 7862.002138461538,
            "max": 32326.4005,
            "med": 5218.7833,
            "min": 0.0536,
            "p(90)": 19802.927120000008,
            "p(95)": 25796.408859999985
        },
        "http_req_connecting": {
            "avg": 3488.518607692308,
            "max": 19834.1921,
            "med": 2374.9921,
            "min": 0,
            "p(90)": 6918.541180000002,
            "p(95)": 12456.448219999982
        },
        "http_req_duration": {
            "avg": 998.0937538461538,
            "max": 3649.3824,
            "med": 326.2251,
            "min": 311.8664,
            "p(90)": 2812.5579600000005,
            "p(95)": 3246.3900599999993
        },
        "http_req_receiving": {
            "avg": 0.4677,
            "max": 0.8866,
            "med": 0.3078,
            "min": 0.1843,
            "p(90)": 0.77564,
            "p(95)": 0.8227599999999998
        },
        "http_req_sending": {
            "avg": 0.31828461538461544,
            "max": 0.4628,
            "med": 0.3122,
            "min": 0.1587,
            "p(90)": 0.44572,
            "p(95)": 0.45542
        },
        "http_req_tls_handshaking": {
            "avg": 4356.8431769230765,
            "max": 31930.5942,
            "med": 1632.7115,
            "min": 0,
            "p(90)": 6017.807500000001,
            "p(95)": 16433.366219999964
        },
        "http_req_waiting": {
            "avg": 997.3077692307693,
            "max": 3648.68,
            "med": 325.2527,
            "min": 311.0816,
            "p(90)": 2812.0379400000006,
            "p(95)": 3245.808019999999
        },
        "http_reqs": {
            "count": 13,
            "rate": 0.3764719379468139
        },
        "iteration_duration": {
            "avg": 8866.275346153847,
            "max": 34513.0561,
            "med": 5545.5081,
            "min": 316.7566,
            "p(90)": 20159.362460000004,
            "p(95)": 26889.499539999983
        },
        "iterations": {
            "count": 13,
            "rate": 0.3764719379468139
        },
        "vus": {
            "max": 10,
            "min": 10,
            "value": 10
        },
        "vus_max": {
            "max": 10,
            "min": 10,
            "value": 10
        }
    },
    "root_group": {
        "name": "",
        "path": "",
        "id": "d41d8cd98f00b204e9800998ecf8427e",
        "groups": {},
        "checks": {
            "is status 200": {
                "name": "is status 200",
                "path": "::is status 200",
                "id": "548d37ca5f33793206f7832e7cea54fb",
                "passes": 13,
                "fails": 0
            },
            "no error in body": {
                "name": "no error in body",
                "path": "::no error in body",
                "id": "2304d1de9b435292b5c06f40b4167043",
                "passes": 0,
                "fails": 13
            }
        }
    }
}
