{
    "metrics": {
        "checks": {
            "fails": 13,
            "passes": 13,
            "value": 0
        },
        "data_received": {
            "count": 48964,
            "rate": 1616.1539505397016
        },
        "data_sent": {
            "count": 7935,
            "rate": 261.91041576530785
        },
        "dropped_iterations": {
            "count": 238,
            "rate": 7.855662123773568
        },
        "http_req_blocked": {
            "avg": 5536.464353846154,
            "max": 15963.5911,
            "med": 4244.8856,
            "min": 0.0289,
            "p(90)": 12448.6977,
            "p(95)": 13902.286839999995
        },
        "http_req_connecting": {
            "avg": 878.4411153846156,
            "max": 3418.8579,
            "med": 321.0182,
            "min": 0,
            "p(90)": 2170.9180800000004,
            "p(95)": 2792.8873799999983
        },
        "http_req_duration": {
            "avg": 3543.5136615384613,
            "max": 24343.4501,
            "med": 1307.2634,
            "min": 319.8942,
            "p(90)": 4836.973120000001,
            "p(95)": 12747.387079999971
        },
        "http_req_receiving": {
            "avg": 0.4109846153846154,
            "max": 1.007,
            "med": 0.3612,
            "min": 0.1306,
            "p(90)": 0.53944,
            "p(95)": 0.7293799999999993
        },
        "http_req_sending": {
            "avg": 0.3201846153846154,
            "max": 0.494,
            "med": 0.3362,
            "min": 0.1102,
            "p(90)": 0.44128,
            "p(95)": 0.4629199999999999
        },
        "http_req_tls_handshaking": {
            "avg": 4640.024692307693,
            "max": 15584.3732,
            "med": 3408.3222,
            "min": 0,
            "p(90)": 10665.640560000002,
            "p(95)": 12938.960179999995
        },
        "http_req_waiting": {
            "avg": 3542.7824923076923,
            "max": 24342.4926,
            "med": 1306.0808,
            "min": 319.2375,
            "p(90)": 4836.498960000001,
            "p(95)": 12746.714519999972
        },
        "http_reqs": {
            "count": 13,
            "rate": 0.4290907882733462
        },
        "iteration_duration": {
            "avg": 9080.912184615385,
            "max": 30128.46,
            "med": 6446.7912,
            "min": 329.1706,
            "p(90)": 16051.514540000002,
            "p(95)": 21829.74395999998
        },
        "iterations": {
            "count": 13,
            "rate": 0.4290907882733462
        },
        "vus": {
            "max": 10,
            "min": 10,
            "value": 10
        },
        "vus_max": {
            "max": 10,
            "min": 10,
            "value": 10
        }
    },
    "root_group": {
        "name": "",
        "path": "",
        "id": "d41d8cd98f00b204e9800998ecf8427e",
        "groups": {},
        "checks": {
            "is status 200": {
                "name": "is status 200",
                "path": "::is status 200",
                "id": "548d37ca5f33793206f7832e7cea54fb",
                "passes": 13,
                "fails": 0
            },
            "no error in body": {
                "name": "no error in body",
                "path": "::no error in body",
                "id": "2304d1de9b435292b5c06f40b4167043",
                "passes": 0,
                "fails": 13
            }
        }
    }
}
