{
    "metrics": {
        "checks": {
            "fails": 40,
            "passes": 38,
            "value": 0
        },
        "data_received": {
            "count": 55638,
            "rate": 1847.5781499107934
        },
        "data_sent": {
            "count": 14637,
            "rate": 486.0527226040527
        },
        "dropped_iterations": {
            "count": 212,
            "rate": 7.039910992147242
        },
        "http_req_blocked": {
            "avg": 1289.0231717948716,
            "max": 22624.8005,
            "med": 0.0696,
            "min": 0,
            "p(90)": 4982.82334,
            "p(95)": 5020.91408
        },
        "http_req_connecting": {
            "avg": 1060.3186256410256,
            "max": 19749.3075,
            "med": 0,
            "min": 0,
            "p(90)": 3543.0710000000026,
            "p(95)": 4371.940930000001
        },
        "http_req_duration": {
            "avg": 367.5234923076923,
            "max": 1980.912,
            "med": 304.9253,
            "min": 0,
            "p(90)": 365.76866,
            "p(95)": 451.70870000000116
        },
        "http_req_receiving": {
            "avg": 0.3687,
            "max": 0.9324,
            "med": 0.3139,
            "min": 0,
            "p(90)": 0.5874200000000005,
            "p(95)": 0.7503500000000001
        },
        "http_req_sending": {
            "avg": 0.2801538461538461,
            "max": 0.7784,
            "med": 0.2483,
            "min": 0,
            "p(90)": 0.41234000000000015,
            "p(95)": 0.5615700000000001
        },
        "http_req_tls_handshaking": {
            "avg": 223.74008717948715,
            "max": 2875.2069,
            "med": 0,
            "min": 0,
            "p(90)": 616.5420800000002,
            "p(95)": 742.9191300000014
        },
        "http_req_waiting": {
            "avg": 366.87463846153844,
            "max": 1980.3468,
            "med": 304.0997,
            "min": 0,
            "p(90)": 365.16738000000004,
            "p(95)": 451.04072000000116
        },
        "http_reqs": {
            "count": 39,
            "rate": 1.2950779655365208
        },
        "iteration_duration": {
            "avg": 2435.9188999999997,
            "max": 30048.8164,
            "med": 324.0824,
            "min": 279.4453,
            "p(90)": 5330.6417,
            "p(95)": 7326.702540000026
        },
        "iterations": {
            "count": 39,
            "rate": 1.2950779655365208
        },
        "vus": {
            "max": 10,
            "min": 10,
            "value": 10
        },
        "vus_max": {
            "max": 10,
            "min": 10,
            "value": 10
        }
    },
    "root_group": {
        "name": "",
        "path": "",
        "id": "d41d8cd98f00b204e9800998ecf8427e",
        "groups": {},
        "checks": {
            "is status 200": {
                "name": "is status 200",
                "path": "::is status 200",
                "id": "548d37ca5f33793206f7832e7cea54fb",
                "passes": 38,
                "fails": 1
            },
            "no error in body": {
                "name": "no error in body",
                "path": "::no error in body",
                "id": "2304d1de9b435292b5c06f40b4167043",
                "passes": 0,
                "fails": 39
            }
        }
    }
}
