{
    "metrics": {
        "checks": {
            "fails": 14,
            "passes": 12,
            "value": 0
        },
        "data_received": {
            "count": 44232,
            "rate": 1263.1426037024958
        },
        "data_sent": {
            "count": 7543,
            "rate": 215.40705054548576
        },
        "dropped_iterations": {
            "count": 236,
            "rate": 6.739502045437444
        },
        "http_req_blocked": {
            "avg": 4456.573084615385,
            "max": 13331.3599,
            "med": 4085.9138,
            "min": 0,
            "p(90)": 9146.93288,
            "p(95)": 10922.098359999994
        },
        "http_req_connecting": {
            "avg": 3069.488253846154,
            "max": 11624.0641,
            "med": 2365.8906,
            "min": 0,
            "p(90)": 5468.29706,
            "p(95)": 7932.386499999991
        },
        "http_req_duration": {
            "avg": 757.6435538461537,
            "max": 2059.4772,
            "med": 330.6029,
            "min": 0,
            "p(90)": 1844.2454000000005,
            "p(95)": 2029.6394399999997
        },
        "http_req_receiving": {
            "avg": 0.26567692307692303,
            "max": 0.3559,
            "med": 0.2811,
            "min": 0,
            "p(90)": 0.35216000000000003,
            "p(95)": 0.35458
        },
        "http_req_sending": {
            "avg": 0.2839076923076923,
            "max": 0.6753,
            "med": 0.2727,
            "min": 0,
            "p(90)": 0.5451000000000001,
            "p(95)": 0.6207599999999999
        },
        "http_req_tls_handshaking": {
            "avg": 1365.981423076923,
            "max": 3859.1947,
            "med": 1616.9269,
            "min": 0,
            "p(90)": 2910.1755800000005,
            "p(95)": 3343.130259999999
        },
        "http_req_waiting": {
            "avg": 757.0939692307692,
            "max": 2058.5021,
            "med": 329.889,
            "min": 0,
            "p(90)": 1843.8215000000005,
            "p(95)": 2029.00868
        },
        "http_reqs": {
            "count": 13,
            "rate": 0.37124375674019816
        },
        "iteration_duration": {
            "avg": 7525.799523076922,
            "max": 30001.4983,
            "med": 5406.783,
            "min": 333.5899,
            "p(90)": 13563.589820000005,
            "p(95)": 20727.715179999977
        },
        "iterations": {
            "count": 13,
            "rate": 0.37124375674019816
        },
        "vus": {
            "max": 10,
            "min": 10,
            "value": 10
        },
        "vus_max": {
            "max": 10,
            "min": 10,
            "value": 10
        }
    },
    "root_group": {
        "name": "",
        "path": "",
        "id": "d41d8cd98f00b204e9800998ecf8427e",
        "groups": {},
        "checks": {
            "is status 200": {
                "name": "is status 200",
                "path": "::is status 200",
                "id": "548d37ca5f33793206f7832e7cea54fb",
                "passes": 12,
                "fails": 1
            },
            "no error in body": {
                "name": "no error in body",
                "path": "::no error in body",
                "id": "2304d1de9b435292b5c06f40b4167043",
                "passes": 0,
                "fails": 13
            }
        }
    }
}
