{
    "metrics": {
        "checks": {
            "fails": 45,
            "passes": 43,
            "value": 0
        },
        "data_received": {
            "count": 57537,
            "rate": 1906.5501291365713
        },
        "data_sent": {
            "count": 16062,
            "rate": 532.2315757545858
        },
        "dropped_iterations": {
            "count": 206,
            "rate": 6.826030668997926
        },
        "http_req_blocked": {
            "avg": 847.5464363636364,
            "max": 10866.575,
            "med": 0.057300000000000004,
            "min": 0,
            "p(90)": 2818.816940000003,
            "p(95)": 4897.541685000001
        },
        "http_req_connecting": {
            "avg": 343.42074545454545,
            "max": 4444.8892,
            "med": 0,
            "min": 0,
            "p(90)": 1019.7789600000028,
            "p(95)": 2210.6492200000016
        },
        "http_req_duration": {
            "avg": 390.4823090909091,
            "max": 1144.7888,
            "med": 302.50125,
            "min": 0,
            "p(90)": 862.58721,
            "p(95)": 1064.5397100000002
        },
        "http_req_receiving": {
            "avg": 0.4391840909090909,
            "max": 2.5623,
            "med": 0.2882,
            "min": 0,
            "p(90)": 0.6721400000000002,
            "p(95)": 1.2580300000000006
        },
        "http_req_sending": {
            "avg": 0.2566727272727273,
            "max": 0.6482,
            "med": 0.22110000000000002,
            "min": 0,
            "p(90)": 0.44287000000000015,
            "p(95)": 0.5473750000000002
        },
        "http_req_tls_handshaking": {
            "avg": 499.495125,
            "max": 9489.3994,
            "med": 0,
            "min": 0,
            "p(90)": 1700.8741699999998,
            "p(95)": 2523.3584350000015
        },
        "http_req_waiting": {
            "avg": 389.7864522727272,
            "max": 1144.0765,
            "med": 301.8394,
            "min": 0,
            "p(90)": 861.99485,
            "p(95)": 1064.0752900000002
        },
        "http_reqs": {
            "count": 44,
            "rate": 1.457987133184023
        },
        "iteration_duration": {
            "avg": 1920.8796136363635,
            "max": 30003.2303,
            "med": 305.0005,
            "min": 297.7808,
            "p(90)": 4693.373520000005,
            "p(95)": 7160.292300000003
        },
        "iterations": {
            "count": 44,
            "rate": 1.457987133184023
        },
        "vus": {
            "max": 10,
            "min": 10,
            "value": 10
        },
        "vus_max": {
            "max": 10,
            "min": 10,
            "value": 10
        }
    },
    "root_group": {
        "name": "",
        "path": "",
        "id": "d41d8cd98f00b204e9800998ecf8427e",
        "groups": {},
        "checks": {
            "is status 200": {
                "name": "is status 200",
                "path": "::is status 200",
                "id": "548d37ca5f33793206f7832e7cea54fb",
                "passes": 43,
                "fails": 1
            },
            "no error in body": {
                "name": "no error in body",
                "path": "::no error in body",
                "id": "2304d1de9b435292b5c06f40b4167043",
                "passes": 0,
                "fails": 44
            }
        }
    }
}
