{
    "metrics": {
        "checks": {
            "fails": 10,
            "passes": 10,
            "value": 0
        },
        "data_received": {
            "count": 47639,
            "rate": 4419.7802417611165
        },
        "data_sent": {
            "count": 7080,
            "rate": 656.8577029674994
        },
        "dropped_iterations": {
            "count": 241,
            "rate": 22.35913932417618
        },
        "http_req_blocked": {
            "avg": 2428.57163,
            "max": 4563.9141,
            "med": 2049.73095,
            "min": 1422.6463,
            "p(90)": 4013.6091,
            "p(95)": 4288.7616
        },
        "http_req_connecting": {
            "avg": 857.18233,
            "max": 2411.1105,
            "med": 482.57304999999997,
            "min": 395.5981,
            "p(90)": 1602.0882599999995,
            "p(95)": 2006.5993799999987
        },
        "http_req_duration": {
            "avg": 6514.9983,
            "max": 9119.7814,
            "med": 6428.12305,
            "min": 3787.8003,
            "p(90)": 8140.597239999999,
            "p(95)": 8630.18932
        },
        "http_req_receiving": {
            "avg": 235.01332000000002,
            "max": 1453.9636,
            "med": 0.4878,
            "min": 0.2677,
            "p(90)": 602.8960599999997,
            "p(95)": 1028.429829999999
        },
        "http_req_sending": {
            "avg": 0.6004,
            "max": 1.2412,
            "med": 0.4783,
            "min": 0.2199,
            "p(90)": 1.0427499999999998,
            "p(95)": 1.1419749999999997
        },
        "http_req_tls_handshaking": {
            "avg": 1545.46319,
            "max": 4029.3669,
            "med": 1028.828,
            "min": 792.6483,
            "p(90)": 3550.4021099999995,
            "p(95)": 3789.884504999999
        },
        "http_req_waiting": {
            "avg": 6279.384580000001,
            "max": 9119.0215,
            "med": 6427.4037,
            "min": 3402.2663,
            "p(90)": 7816.93012,
            "p(95)": 8467.97581
        },
        "http_reqs": {
            "count": 10,
            "rate": 0.9277651171857336
        },
        "iteration_duration": {
            "avg": 8944.406060000001,
            "max": 10624.5614,
            "med": 8652.60455,
            "min": 7805.674,
            "p(90)": 9888.5792,
            "p(95)": 10256.5703
        },
        "iterations": {
            "count": 10,
            "rate": 0.9277651171857336
        },
        "vus": {
            "max": 10,
            "min": 10,
            "value": 10
        },
        "vus_max": {
            "max": 10,
            "min": 10,
            "value": 10
        }
    },
    "root_group": {
        "name": "",
        "path": "",
        "id": "d41d8cd98f00b204e9800998ecf8427e",
        "groups": {},
        "checks": {
            "is status 200": {
                "name": "is status 200",
                "path": "::is status 200",
                "id": "548d37ca5f33793206f7832e7cea54fb",
                "passes": 10,
                "fails": 0
            },
            "no error in body": {
                "name": "no error in body",
                "path": "::no error in body",
                "id": "2304d1de9b435292b5c06f40b4167043",
                "passes": 0,
                "fails": 10
            }
        }
    }
}
