{
    "metrics": {
        "checks": {
            "fails": 12,
            "passes": 10,
            "value": 0
        },
        "data_received": {
            "count": 41748,
            "rate": 1193.0936032915756
        },
        "data_sent": {
            "count": 6531,
            "rate": 186.64593089722334
        },
        "dropped_iterations": {
            "count": 239,
            "rate": 6.830252256076617
        },
        "http_req_blocked": {
            "avg": 4397.228063636364,
            "max": 14012.3115,
            "med": 3519.9997,
            "min": 0,
            "p(90)": 10714.3783,
            "p(95)": 12363.3449
        },
        "http_req_connecting": {
            "avg": 1238.635390909091,
            "max": 4404.9688,
            "med": 316.5877,
            "min": 0,
            "p(90)": 4381.9377,
            "p(95)": 4393.4532500000005
        },
        "http_req_duration": {
            "avg": 3851.003363636364,
            "max": 28202.1944,
            "med": 1213.7705,
            "min": 0,
            "p(90)": 3255.6826,
            "p(95)": 15728.9385
        },
        "http_req_receiving": {
            "avg": 0.18249090909090906,
            "max": 0.4474,
            "med": 0.1608,
            "min": 0,
            "p(90)": 0.3036,
            "p(95)": 0.3755
        },
        "http_req_sending": {
            "avg": 0.1429181818181818,
            "max": 0.2389,
            "med": 0.1616,
            "min": 0,
            "p(90)": 0.21,
            "p(95)": 0.22444999999999998
        },
        "http_req_tls_handshaking": {
            "avg": 3139.173881818182,
            "max": 9606.9756,
            "med": 1720.7877,
            "min": 0,
            "p(90)": 9411.2003,
            "p(95)": 9509.087950000001
        },
        "http_req_waiting": {
            "avg": 3850.677954545454,
            "max": 28201.8438,
            "med": 1213.4316,
            "min": 0,
            "p(90)": 3255.1405,
            "p(95)": 15728.492149999998
        },
        "http_reqs": {
            "count": 11,
            "rate": 0.3143630745474593
        },
        "iteration_duration": {
            "avg": 11001.467218181819,
            "max": 30002.2844,
            "med": 6934.6019,
            "min": 2114.0184,
            "p(90)": 29464.5994,
            "p(95)": 29733.441899999998
        },
        "iterations": {
            "count": 11,
            "rate": 0.3143630745474593
        },
        "vus": {
            "max": 10,
            "min": 10,
            "value": 10
        },
        "vus_max": {
            "max": 10,
            "min": 10,
            "value": 10
        }
    },
    "root_group": {
        "name": "",
        "path": "",
        "id": "d41d8cd98f00b204e9800998ecf8427e",
        "groups": {},
        "checks": {
            "is status 200": {
                "name": "is status 200",
                "path": "::is status 200",
                "id": "548d37ca5f33793206f7832e7cea54fb",
                "passes": 10,
                "fails": 1
            },
            "no error in body": {
                "name": "no error in body",
                "path": "::no error in body",
                "id": "2304d1de9b435292b5c06f40b4167043",
                "passes": 0,
                "fails": 11
            }
        }
    }
}
