{
    "metrics": {
        "checks": {
            "fails": 47,
            "passes": 47,
            "value": 0
        },
        "data_received": {
            "count": 63681,
            "rate": 7752.563108317992
        },
        "data_sent": {
            "count": 17625,
            "rate": 2145.6780638511427
        },
        "dropped_iterations": {
            "count": 204,
            "rate": 24.83508227095791
        },
        "http_req_blocked": {
            "avg": 608.5382595744682,
            "max": 6077.7157,
            "med": 0.0546,
            "min": 0.0364,
            "p(90)": 2404.9433199999985,
            "p(95)": 3868.4416399999964
        },
        "http_req_connecting": {
            "avg": 174.85373617021276,
            "max": 3426.2059,
            "med": 0,
            "min": 0,
            "p(90)": 309.2318,
            "p(95)": 1037.7804799999958
        },
        "http_req_duration": {
            "avg": 601.1302106382976,
            "max": 2038.6389,
            "med": 314.158,
            "min": 295.7609,
            "p(90)": 1573.0383599999996,
            "p(95)": 1755.57395
        },
        "http_req_receiving": {
            "avg": 8.772093617021275,
            "max": 396.5522,
            "med": 0.2801,
            "min": 0.1847,
            "p(90)": 0.56092,
            "p(95)": 0.7222999999999993
        },
        "http_req_sending": {
            "avg": 0.2625063829787233,
            "max": 0.6788,
            "med": 0.226,
            "min": 0.1407,
            "p(90)": 0.40029999999999993,
            "p(95)": 0.44250999999999996
        },
        "http_req_tls_handshaking": {
            "avg": 428.86377234042556,
            "max": 5008.3668,
            "med": 0,
            "min": 0,
            "p(90)": 1647.59532,
            "p(95)": 2842.0567999999985
        },
        "http_req_waiting": {
            "avg": 592.0956106382977,
            "max": 2037.6347,
            "med": 313.6738,
            "min": 295.2413,
            "p(90)": 1572.5540599999997,
            "p(95)": 1755.0373299999999
        },
        "http_reqs": {
            "count": 47,
            "rate": 5.721808170269714
        },
        "iteration_duration": {
            "avg": 1210.6347170212769,
            "max": 8116.9546,
            "med": 325.5617,
            "min": 300.6197,
            "p(90)": 3116.7419799999993,
            "p(95)": 4176.953849999996
        },
        "iterations": {
            "count": 47,
            "rate": 5.721808170269714
        },
        "vus": {
            "max": 10,
            "min": 10,
            "value": 10
        },
        "vus_max": {
            "max": 10,
            "min": 10,
            "value": 10
        }
    },
    "root_group": {
        "name": "",
        "path": "",
        "id": "d41d8cd98f00b204e9800998ecf8427e",
        "groups": {},
        "checks": {
            "is status 200": {
                "name": "is status 200",
                "path": "::is status 200",
                "id": "548d37ca5f33793206f7832e7cea54fb",
                "passes": 47,
                "fails": 0
            },
            "no error in body": {
                "name": "no error in body",
                "path": "::no error in body",
                "id": "2304d1de9b435292b5c06f40b4167043",
                "passes": 0,
                "fails": 47
            }
        }
    }
}
