{
    "metrics": {
        "checks": {
            "fails": 0,
            "passes": 18,
            "value": 0
        },
        "data_received": {
            "count": 46416,
            "rate": 1325.4268037930576
        },
        "data_sent": {
            "count": 6795,
            "rate": 194.0338489265302
        },
        "dropped_iterations": {
            "count": 2491,
            "rate": 71.13146691331667
        },
        "http_req_blocked": {
            "avg": 5374.297500000001,
            "max": 9132.4094,
            "med": 5278.1376,
            "min": 2436.8754,
            "p(90)": 7844.285960000001,
            "p(95)": 8488.347679999999
        },
        "http_req_connecting": {
            "avg": 1713.9224000000002,
            "max": 3750.2276,
            "med": 1716.137,
            "min": 697.6542,
            "p(90)": 2935.8808000000004,
            "p(95)": 3343.0541999999996
        },
        "http_req_duration": {
            "avg": 5813.873544444443,
            "max": 12116.1234,
            "med": 5088.2441,
            "min": 733.7038,
            "p(90)": 11186.40004,
            "p(95)": 11651.26172
        },
        "http_req_receiving": {
            "avg": 362.43867777777785,
            "max": 2369.8679,
            "med": 0.5668,
            "min": 0.2941,
            "p(90)": 1184.7040600000003,
            "p(95)": 1777.2859799999997
        },
        "http_req_sending": {
            "avg": 0.28243333333333337,
            "max": 0.6581,
            "med": 0.2091,
            "min": 0.1353,
            "p(90)": 0.45994,
            "p(95)": 0.5590199999999999
        },
        "http_req_tls_handshaking": {
            "avg": 3554.3488666666667,
            "max": 8323.1907,
            "med": 3041.9869,
            "min": 1408.8479,
            "p(90)": 5785.8143,
            "p(95)": 7054.502499999999
        },
        "http_req_waiting": {
            "avg": 5451.152433333333,
            "max": 12115.4189,
            "med": 3716.8413,
            "min": 732.8161,
            "p(90)": 11185.8073,
            "p(95)": 11650.6131
        },
        "http_reqs": {
            "count": 9,
            "rate": 0.25699847539937776
        },
        "iteration_duration": {
            "avg": 11188.983844444445,
            "max": 17395.5093,
            "med": 9857.1516,
            "min": 8256.9966,
            "p(90)": 15545.36266,
            "p(95)": 16470.43598
        },
        "iterations": {
            "count": 9,
            "rate": 0.25699847539937776
        },
        "vus": {
            "max": 10,
            "min": 10,
            "value": 10
        },
        "vus_max": {
            "max": 10,
            "min": 10,
            "value": 10
        }
    },
    "root_group": {
        "name": "",
        "path": "",
        "id": "d41d8cd98f00b204e9800998ecf8427e",
        "groups": {},
        "checks": {
            "is status 200": {
                "name": "is status 200",
                "path": "::is status 200",
                "id": "548d37ca5f33793206f7832e7cea54fb",
                "passes": 9,
                "fails": 0
            },
            "no error in body": {
                "name": "no error in body",
                "path": "::no error in body",
                "id": "2304d1de9b435292b5c06f40b4167043",
                "passes": 9,
                "fails": 0
            }
        }
    }
}
