{
    "metrics": {
        "checks": {
            "fails": 0,
            "passes": 46,
            "value": 0
        },
        "data_received": {
            "count": 51420,
            "rate": 1467.9344199755467
        },
        "data_sent": {
            "count": 11203,
            "rate": 319.8224291518096
        },
        "dropped_iterations": {
            "count": 2476,
            "rate": 70.68466790858525
        },
        "http_req_blocked": {
            "avg": 1136.6334608695652,
            "max": 9710.1204,
            "med": 0.1457,
            "min": 0.0314,
            "p(90)": 2560.46122,
            "p(95)": 3835.373349999998
        },
        "http_req_connecting": {
            "avg": 143.19428695652175,
            "max": 1270.125,
            "med": 0,
            "min": 0,
            "p(90)": 257.83996,
            "p(95)": 259.9079
        },
        "http_req_duration": {
            "avg": 1649.370160869565,
            "max": 11287.1473,
            "med": 1270.0426,
            "min": 271.3076,
            "p(90)": 2596.8811,
            "p(95)": 2715.32234
        },
        "http_req_receiving": {
            "avg": 96.51556956521736,
            "max": 1008.9973,
            "med": 0.3236,
            "min": 0.1441,
            "p(90)": 201.22934000000018,
            "p(95)": 883.116379999999
        },
        "http_req_sending": {
            "avg": 0.21059565217391296,
            "max": 0.3207,
            "med": 0.1849,
            "min": 0.0888,
            "p(90)": 0.3152,
            "p(95)": 0.31936
        },
        "http_req_tls_handshaking": {
            "avg": 951.7643695652174,
            "max": 9347.4418,
            "med": 0,
            "min": 0,
            "p(90)": 1892.4524600000002,
            "p(95)": 3439.1152399999974
        },
        "http_req_waiting": {
            "avg": 1552.643995652174,
            "max": 11286.486,
            "med": 1026.0247,
            "min": 262.8291,
            "p(90)": 2596.17886,
            "p(95)": 2714.62878
        },
        "http_reqs": {
            "count": 23,
            "rate": 0.656602327099136
        },
        "iteration_duration": {
            "avg": 2791.2034043478257,
            "max": 12871.6357,
            "med": 2342.5948,
            "min": 277.3284,
            "p(90)": 4645.827420000001,
            "p(95)": 10417.879899999993
        },
        "iterations": {
            "count": 23,
            "rate": 0.656602327099136
        },
        "vus": {
            "max": 10,
            "min": 10,
            "value": 10
        },
        "vus_max": {
            "max": 10,
            "min": 10,
            "value": 10
        }
    },
    "root_group": {
        "name": "",
        "path": "",
        "id": "d41d8cd98f00b204e9800998ecf8427e",
        "groups": {},
        "checks": {
            "is status 200": {
                "name": "is status 200",
                "path": "::is status 200",
                "id": "548d37ca5f33793206f7832e7cea54fb",
                "passes": 23,
                "fails": 0
            },
            "no error in body": {
                "name": "no error in body",
                "path": "::no error in body",
                "id": "2304d1de9b435292b5c06f40b4167043",
                "passes": 23,
                "fails": 0
            }
        }
    }
}
