{
    "metrics": {
        "checks": {
            "fails": 25,
            "passes": 25,
            "value": 0
        },
        "data_received": {
            "count": 54235,
            "rate": 3525.212670714769
        },
        "data_sent": {
            "count": 11355,
            "rate": 738.0619503266563
        },
        "dropped_iterations": {
            "count": 226,
            "rate": 14.689740270702274
        },
        "http_req_blocked": {
            "avg": 2555.9799120000002,
            "max": 12519.3821,
            "med": 0.0543,
            "min": 0.0238,
            "p(90)": 8360.955060000004,
            "p(95)": 11271.765979999995
        },
        "http_req_connecting": {
            "avg": 1692.372732,
            "max": 11901.8561,
            "med": 0,
            "min": 0,
            "p(90)": 5761.56498,
            "p(95)": 5772.3135
        },
        "http_req_duration": {
            "avg": 598.206212,
            "max": 2515.0324,
            "med": 319.078,
            "min": 273.2507,
            "p(90)": 1074.5139600000002,
            "p(95)": 2067.6418799999965
        },
        "http_req_receiving": {
            "avg": 0.337808,
            "max": 0.9016,
            "med": 0.2932,
            "min": 0.0937,
            "p(90)": 0.47848000000000007,
            "p(95)": 0.7000799999999991
        },
        "http_req_sending": {
            "avg": 0.24851599999999993,
            "max": 0.7307,
            "med": 0.2071,
            "min": 0.0862,
            "p(90)": 0.33812,
            "p(95)": 0.615519999999999
        },
        "http_req_tls_handshaking": {
            "avg": 852.596036,
            "max": 10166.1403,
            "med": 0,
            "min": 0,
            "p(90)": 1829.5123800000003,
            "p(95)": 3393.669019999995
        },
        "http_req_waiting": {
            "avg": 597.619888,
            "max": 2514.3228,
            "med": 318.0829,
            "min": 272.1486,
            "p(90)": 1074.0434400000001,
            "p(95)": 2067.0583999999963
        },
        "http_reqs": {
            "count": 25,
            "rate": 1.624971268882995
        },
        "iteration_duration": {
            "avg": 3163.5217119999998,
            "max": 15069.5731,
            "med": 1036.9475,
            "min": 304.7524,
            "p(90)": 8702.090080000005,
            "p(95)": 11633.268319999994
        },
        "iterations": {
            "count": 25,
            "rate": 1.624971268882995
        },
        "vus": {
            "max": 10,
            "min": 10,
            "value": 10
        },
        "vus_max": {
            "max": 10,
            "min": 10,
            "value": 10
        }
    },
    "root_group": {
        "name": "",
        "path": "",
        "id": "d41d8cd98f00b204e9800998ecf8427e",
        "groups": {},
        "checks": {
            "is status 200": {
                "name": "is status 200",
                "path": "::is status 200",
                "id": "548d37ca5f33793206f7832e7cea54fb",
                "passes": 25,
                "fails": 0
            },
            "no error in body": {
                "name": "no error in body",
                "path": "::no error in body",
                "id": "2304d1de9b435292b5c06f40b4167043",
                "passes": 0,
                "fails": 25
            }
        }
    }
}
