{
    "metrics": {
        "checks": {
            "fails": 29,
            "passes": 29,
            "value": 0
        },
        "data_received": {
            "count": 56224,
            "rate": 4062.920404120101
        },
        "data_sent": {
            "count": 12495,
            "rate": 902.9274055471091
        },
        "dropped_iterations": {
            "count": 222,
            "rate": 16.042407685590895
        },
        "http_req_blocked": {
            "avg": 1702.9841931034482,
            "max": 13259.6948,
            "med": 0.0531,
            "min": 0.0184,
            "p(90)": 4781.336699999999,
            "p(95)": 6387.874699999999
        },
        "http_req_connecting": {
            "avg": 1203.5297413793105,
            "max": 11477.5923,
            "med": 0,
            "min": 0,
            "p(90)": 2802.9179199999985,
            "p(95)": 4999.943479999998
        },
        "http_req_duration": {
            "avg": 451.6592896551724,
            "max": 1448.8397,
            "med": 360.59,
            "min": 306.5022,
            "p(90)": 605.55216,
            "p(95)": 1095.2942599999983
        },
        "http_req_receiving": {
            "avg": 1.0526241379310344,
            "max": 14.4691,
            "med": 0.2394,
            "min": 0.1332,
            "p(90)": 0.72666,
            "p(95)": 5.4155999999999835
        },
        "http_req_sending": {
            "avg": 0.2468137931034483,
            "max": 0.5974,
            "med": 0.2544,
            "min": 0.0678,
            "p(90)": 0.3984599999999999,
            "p(95)": 0.5184599999999999
        },
        "http_req_tls_handshaking": {
            "avg": 491.26150344827585,
            "max": 2973.4226,
            "med": 0,
            "min": 0,
            "p(90)": 1898.3999399999998,
            "p(95)": 2004.8338999999996
        },
        "http_req_waiting": {
            "avg": 450.35985172413797,
            "max": 1448.1449,
            "med": 355.0278,
            "min": 306.0816,
            "p(90)": 605.1047799999999,
            "p(95)": 1094.6219399999984
        },
        "http_reqs": {
            "count": 29,
            "rate": 2.095629832802414
        },
        "iteration_duration": {
            "avg": 2167.367206896552,
            "max": 13627.9955,
            "med": 424.5262,
            "min": 307.658,
            "p(90)": 5184.846239999999,
            "p(95)": 6785.367039999999
        },
        "iterations": {
            "count": 29,
            "rate": 2.095629832802414
        },
        "vus": {
            "max": 10,
            "min": 10,
            "value": 10
        },
        "vus_max": {
            "max": 10,
            "min": 10,
            "value": 10
        }
    },
    "root_group": {
        "name": "",
        "path": "",
        "id": "d41d8cd98f00b204e9800998ecf8427e",
        "groups": {},
        "checks": {
            "is status 200": {
                "name": "is status 200",
                "path": "::is status 200",
                "id": "548d37ca5f33793206f7832e7cea54fb",
                "passes": 29,
                "fails": 0
            },
            "no error in body": {
                "name": "no error in body",
                "path": "::no error in body",
                "id": "2304d1de9b435292b5c06f40b4167043",
                "passes": 0,
                "fails": 29
            }
        }
    }
}
