{
    "metrics": {
        "checks": {
            "fails": 24,
            "passes": 22,
            "value": 0
        },
        "data_received": {
            "count": 48610,
            "rate": 1608.3731808533355
        },
        "data_sent": {
            "count": 10077,
            "rate": 333.4206242225686
        },
        "dropped_iterations": {
            "count": 228,
            "rate": 7.543902185446626
        },
        "http_req_blocked": {
            "avg": 2393.2193869565217,
            "max": 19789.1715,
            "med": 0.0586,
            "min": 0,
            "p(90)": 7053.79524,
            "p(95)": 9767.362199999996
        },
        "http_req_connecting": {
            "avg": 568.1770130434783,
            "max": 4433.0898,
            "med": 0,
            "min": 0,
            "p(90)": 2158.2719400000005,
            "p(95)": 2370.9714
        },
        "http_req_duration": {
            "avg": 841.163947826087,
            "max": 4209.3808,
            "med": 320.8472,
            "min": 0,
            "p(90)": 1953.9714800000002,
            "p(95)": 3110.662389999998
        },
        "http_req_receiving": {
            "avg": 0.4247478260869565,
            "max": 1.1041,
            "med": 0.2807,
            "min": 0,
            "p(90)": 0.9125600000000001,
            "p(95)": 1.0037999999999998
        },
        "http_req_sending": {
            "avg": 0.24914782608695657,
            "max": 0.5231,
            "med": 0.2102,
            "min": 0,
            "p(90)": 0.40082,
            "p(95)": 0.4710499999999999
        },
        "http_req_tls_handshaking": {
            "avg": 1814.775991304348,
            "max": 19478.442,
            "med": 0,
            "min": 0,
            "p(90)": 4751.960500000002,
            "p(95)": 7365.637319999996
        },
        "http_req_waiting": {
            "avg": 840.490052173913,
            "max": 4208.6656,
            "med": 320.0867,
            "min": 0,
            "p(90)": 1953.4648000000002,
            "p(95)": 3110.2228499999983
        },
        "http_reqs": {
            "count": 23,
            "rate": 0.7610076766020719
        },
        "iteration_duration": {
            "avg": 4539.769630434783,
            "max": 30003.0039,
            "med": 1461.91,
            "min": 307.2748,
            "p(90)": 9792.549520000002,
            "p(95)": 19897.767339999984
        },
        "iterations": {
            "count": 23,
            "rate": 0.7610076766020719
        },
        "vus": {
            "max": 10,
            "min": 10,
            "value": 10
        },
        "vus_max": {
            "max": 10,
            "min": 10,
            "value": 10
        }
    },
    "root_group": {
        "name": "",
        "path": "",
        "id": "d41d8cd98f00b204e9800998ecf8427e",
        "groups": {},
        "checks": {
            "is status 200": {
                "name": "is status 200",
                "path": "::is status 200",
                "id": "548d37ca5f33793206f7832e7cea54fb",
                "passes": 22,
                "fails": 1
            },
            "no error in body": {
                "name": "no error in body",
                "path": "::no error in body",
                "id": "2304d1de9b435292b5c06f40b4167043",
                "passes": 0,
                "fails": 23
            }
        }
    }
}
