{
    "metrics": {
        "checks": {
            "fails": 41,
            "passes": 41,
            "value": 0
        },
        "data_received": {
            "count": 61176,
            "rate": 9266.13024008329
        },
        "data_sent": {
            "count": 15915,
            "rate": 2410.5934152433233
        },
        "dropped_iterations": {
            "count": 210,
            "rate": 31.80801867427571
        },
        "http_req_blocked": {
            "avg": 832.3014146341463,
            "max": 6214.0314,
            "med": 0.0523,
            "min": 0.0184,
            "p(90)": 2984.2491,
            "p(95)": 5249.9762
        },
        "http_req_connecting": {
            "avg": 452.97839999999997,
            "max": 4449.15,
            "med": 0,
            "min": 0,
            "p(90)": 2366.8807,
            "p(95)": 2372.3003
        },
        "http_req_duration": {
            "avg": 463.1474756097562,
            "max": 2516.6792,
            "med": 313.844,
            "min": 306.3635,
            "p(90)": 906.673,
            "p(95)": 1015.8175
        },
        "http_req_receiving": {
            "avg": 0.2787317073170732,
            "max": 1.2351,
            "med": 0.2112,
            "min": 0.0951,
            "p(90)": 0.4709,
            "p(95)": 0.5565
        },
        "http_req_sending": {
            "avg": 0.1593487804878049,
            "max": 0.4805,
            "med": 0.1305,
            "min": 0.035,
            "p(90)": 0.2538,
            "p(95)": 0.3216
        },
        "http_req_tls_handshaking": {
            "avg": 374.1727634146342,
            "max": 4914.8445,
            "med": 0,
            "min": 0,
            "p(90)": 834.7905,
            "p(95)": 1746.6366
        },
        "http_req_waiting": {
            "avg": 462.70939512195116,
            "max": 2516.3949,
            "med": 313.301,
            "min": 305.7409,
            "p(90)": 906.3001,
            "p(95)": 1015.4174
        },
        "http_reqs": {
            "count": 41,
            "rate": 6.210136979263353
        },
        "iteration_duration": {
            "avg": 1296.082712195122,
            "max": 6521.0988,
            "med": 322.6003,
            "min": 307.5809,
            "p(90)": 3738.8566,
            "p(95)": 5558.539
        },
        "iterations": {
            "count": 41,
            "rate": 6.210136979263353
        },
        "vus": {
            "max": 10,
            "min": 10,
            "value": 10
        },
        "vus_max": {
            "max": 10,
            "min": 10,
            "value": 10
        }
    },
    "root_group": {
        "name": "",
        "path": "",
        "id": "d41d8cd98f00b204e9800998ecf8427e",
        "groups": {},
        "checks": {
            "is status 200": {
                "name": "is status 200",
                "path": "::is status 200",
                "id": "548d37ca5f33793206f7832e7cea54fb",
                "passes": 41,
                "fails": 0
            },
            "no error in body": {
                "name": "no error in body",
                "path": "::no error in body",
                "id": "2304d1de9b435292b5c06f40b4167043",
                "passes": 0,
                "fails": 41
            }
        }
    }
}
