{
    "metrics": {
        "checks": {
            "fails": 10,
            "passes": 10,
            "value": 0
        },
        "data_received": {
            "count": 47668,
            "rate": 5098.899371838991
        },
        "data_sent": {
            "count": 7080,
            "rate": 757.3258276541927
        },
        "dropped_iterations": {
            "count": 241,
            "rate": 25.77902887918933
        },
        "http_req_blocked": {
            "avg": 2357.7517163999996,
            "max": 4963.508376,
            "med": 1847.987145,
            "min": 901.131154,
            "p(90)": 4927.0707366,
            "p(95)": 4945.2895563
        },
        "http_req_connecting": {
            "avg": 1294.707062,
            "max": 4327.381651,
            "med": 790.8202875,
            "min": 274.358894,
            "p(90)": 2512.898411799999,
            "p(95)": 3420.1400313999975
        },
        "http_req_duration": {
            "avg": 6040.889850200001,
            "max": 7461.862458,
            "med": 6305.669954,
            "min": 3272.919183,
            "p(90)": 7404.7614495,
            "p(95)": 7433.31195375
        },
        "http_req_receiving": {
            "avg": 0.2207665,
            "max": 0.380544,
            "med": 0.193564,
            "min": 0.139029,
            "p(90)": 0.3504354,
            "p(95)": 0.3654897
        },
        "http_req_sending": {
            "avg": 0.1400469,
            "max": 0.34412,
            "med": 0.1369055,
            "min": 0.049226,
            "p(90)": 0.19994539999999994,
            "p(95)": 0.2720326999999998
        },
        "http_req_tls_handshaking": {
            "avg": 1039.6281509000003,
            "max": 2605.058578,
            "med": 667.233288,
            "min": 547.032135,
            "p(90)": 1766.5120089999996,
            "p(95)": 2185.785293499999
        },
        "http_req_waiting": {
            "avg": 6040.5290368000005,
            "max": 7461.56437,
            "med": 6305.362999000001,
            "min": 3272.532041,
            "p(90)": 7404.4826935,
            "p(95)": 7433.02353175
        },
        "http_reqs": {
            "count": 10,
            "rate": 1.0696692480991423
        },
        "iteration_duration": {
            "avg": 8399.2367157,
            "max": 9290.836779,
            "med": 8311.9578595,
            "min": 8125.829127,
            "p(90)": 8794.289372099998,
            "p(95)": 9042.563075549999
        },
        "iterations": {
            "count": 10,
            "rate": 1.0696692480991423
        },
        "vus": {
            "max": 10,
            "min": 10,
            "value": 10
        },
        "vus_max": {
            "max": 10,
            "min": 10,
            "value": 10
        }
    },
    "root_group": {
        "name": "",
        "path": "",
        "id": "d41d8cd98f00b204e9800998ecf8427e",
        "groups": {},
        "checks": {
            "is status 200": {
                "name": "is status 200",
                "path": "::is status 200",
                "id": "548d37ca5f33793206f7832e7cea54fb",
                "passes": 10,
                "fails": 0
            },
            "no error in body": {
                "name": "no error in body",
                "path": "::no error in body",
                "id": "2304d1de9b435292b5c06f40b4167043",
                "passes": 0,
                "fails": 10
            }
        }
    }
}
