{
    "metrics": {
        "checks": {
            "fails": 9,
            "passes": 9,
            "value": 0
        },
        "data_received": {
            "count": 42936,
            "rate": 1225.5341968011828
        },
        "data_sent": {
            "count": 6669,
            "rate": 190.35512293802608
        },
        "dropped_iterations": {
            "count": 241,
            "rate": 6.878930068685603
        },
        "http_req_blocked": {
            "avg": 3673.203788888889,
            "max": 8124.8876,
            "med": 2970.7614,
            "min": 1247.5246,
            "p(90)": 6260.89192,
            "p(95)": 7192.889759999999
        },
        "http_req_connecting": {
            "avg": 1740.6562000000001,
            "max": 5368.4642,
            "med": 1297.1073,
            "min": 474.2437,
            "p(90)": 4548.807720000001,
            "p(95)": 4958.63596
        },
        "http_req_duration": {
            "avg": 5302.2825555555555,
            "max": 7867.8473,
            "med": 5919.8502,
            "min": 1127.5468,
            "p(90)": 7492.64794,
            "p(95)": 7680.24762
        },
        "http_req_receiving": {
            "avg": 0.6334111111111113,
            "max": 3.1435,
            "med": 0.3297,
            "min": 0.2346,
            "p(90)": 1.0067000000000004,
            "p(95)": 2.075099999999999
        },
        "http_req_sending": {
            "avg": 0.3547,
            "max": 1.0614,
            "med": 0.2507,
            "min": 0.0957,
            "p(90)": 0.6224400000000001,
            "p(95)": 0.8419199999999998
        },
        "http_req_tls_handshaking": {
            "avg": 1903.7332333333334,
            "max": 4818.8599,
            "med": 772.3173,
            "min": 580.9977,
            "p(90)": 4549.444060000001,
            "p(95)": 4684.151980000001
        },
        "http_req_waiting": {
            "avg": 5301.294444444444,
            "max": 7867.3329,
            "med": 5919.202,
            "min": 1126.9016,
            "p(90)": 7492.15682,
            "p(95)": 7679.74486
        },
        "http_reqs": {
            "count": 9,
            "rate": 0.25688950463971133
        },
        "iteration_duration": {
            "avg": 9010.971855555554,
            "max": 9300.8334,
            "med": 8926.8981,
            "min": 8677.0813,
            "p(90)": 9291.84796,
            "p(95)": 9296.34068
        },
        "iterations": {
            "count": 9,
            "rate": 0.25688950463971133
        },
        "vus": {
            "max": 10,
            "min": 10,
            "value": 10
        },
        "vus_max": {
            "max": 10,
            "min": 10,
            "value": 10
        }
    },
    "root_group": {
        "name": "",
        "path": "",
        "id": "d41d8cd98f00b204e9800998ecf8427e",
        "groups": {},
        "checks": {
            "is status 200": {
                "name": "is status 200",
                "path": "::is status 200",
                "id": "548d37ca5f33793206f7832e7cea54fb",
                "passes": 9,
                "fails": 0
            },
            "no error in body": {
                "name": "no error in body",
                "path": "::no error in body",
                "id": "2304d1de9b435292b5c06f40b4167043",
                "passes": 0,
                "fails": 9
            }
        }
    }
}
