{
    "metrics": {
        "checks": {
            "fails": 37,
            "passes": 37,
            "value": 0
        },
        "data_received": {
            "count": 57944,
            "rate": 1654.4161760924214
        },
        "data_sent": {
            "count": 14649,
            "rate": 418.25801745785384
        },
        "dropped_iterations": {
            "count": 212,
            "rate": 6.053020663599223
        },
        "http_req_blocked": {
            "avg": 807.6850432432432,
            "max": 11234.9119,
            "med": 0.0615,
            "min": 0.0249,
            "p(90)": 2430.1045999999983,
            "p(95)": 3666.4521599999985
        },
        "http_req_connecting": {
            "avg": 212.1417945945946,
            "max": 2376.5145,
            "med": 0,
            "min": 0,
            "p(90)": 713.4521199999986,
            "p(95)": 1336.53326
        },
        "http_req_duration": {
            "avg": 791.6261945945946,
            "max": 4352.6461,
            "med": 316.2138,
            "min": 301.4203,
            "p(90)": 1603.0278999999998,
            "p(95)": 2300.2918199999935
        },
        "http_req_receiving": {
            "avg": 0.40628918918918927,
            "max": 1.4049,
            "med": 0.3304,
            "min": 0.1531,
            "p(90)": 0.59602,
            "p(95)": 0.8743599999999984
        },
        "http_req_sending": {
            "avg": 0.2916189189189189,
            "max": 1.1192,
            "med": 0.232,
            "min": 0.1035,
            "p(90)": 0.42926,
            "p(95)": 0.5188799999999998
        },
        "http_req_tls_handshaking": {
            "avg": 590.0933540540541,
            "max": 9898.2657,
            "med": 0,
            "min": 0,
            "p(90)": 1667.85044,
            "p(95)": 2325.5227799999975
        },
        "http_req_waiting": {
            "avg": 790.9282864864865,
            "max": 4352.0723,
            "med": 314.8631,
            "min": 300.9568,
            "p(90)": 1602.39832,
            "p(95)": 2299.0708799999934
        },
        "http_reqs": {
            "count": 37,
            "rate": 1.056423417703638
        },
        "iteration_duration": {
            "avg": 1600.3520351351353,
            "max": 11555.0088,
            "med": 955.7249,
            "min": 302.5129,
            "p(90)": 3594.8881599999995,
            "p(95)": 4986.274859999987
        },
        "iterations": {
            "count": 37,
            "rate": 1.056423417703638
        },
        "vus": {
            "max": 10,
            "min": 10,
            "value": 10
        },
        "vus_max": {
            "max": 10,
            "min": 10,
            "value": 10
        }
    },
    "root_group": {
        "name": "",
        "path": "",
        "id": "d41d8cd98f00b204e9800998ecf8427e",
        "groups": {},
        "checks": {
            "is status 200": {
                "name": "is status 200",
                "path": "::is status 200",
                "id": "548d37ca5f33793206f7832e7cea54fb",
                "passes": 37,
                "fails": 0
            },
            "no error in body": {
                "name": "no error in body",
                "path": "::no error in body",
                "id": "2304d1de9b435292b5c06f40b4167043",
                "passes": 0,
                "fails": 37
            }
        }
    }
}
