{
    "metrics": {
        "checks": {
            "fails": 14,
            "passes": 12,
            "value": 0
        },
        "data_received": {
            "count": 44203,
            "rate": 1467.9449855146413
        },
        "data_sent": {
            "count": 7227,
            "rate": 240.00267878456918
        },
        "dropped_iterations": {
            "count": 238,
            "rate": 7.903782696931986
        },
        "http_req_blocked": {
            "avg": 4998.455684615385,
            "max": 21483.5049,
            "med": 4954.3557,
            "min": 0,
            "p(90)": 7822.273920000001,
            "p(95)": 13535.110199999981
        },
        "http_req_connecting": {
            "avg": 3748.4781230769227,
            "max": 19749.7859,
            "med": 3359.7403,
            "min": 0,
            "p(90)": 5440.16986,
            "p(95)": 11166.455059999978
        },
        "http_req_duration": {
            "avg": 410.7185846153846,
            "max": 1176.796,
            "med": 312.1171,
            "min": 0,
            "p(90)": 930.5246000000005,
            "p(95)": 1121.2479399999997
        },
        "http_req_receiving": {
            "avg": 0.3742153846153846,
            "max": 0.7374,
            "med": 0.3046,
            "min": 0,
            "p(90)": 0.70118,
            "p(95)": 0.72
        },
        "http_req_sending": {
            "avg": 0.3906461538461538,
            "max": 1.1001,
            "med": 0.3952,
            "min": 0,
            "p(90)": 0.5332600000000001,
            "p(95)": 0.7703999999999992
        },
        "http_req_tls_handshaking": {
            "avg": 1235.5707692307694,
            "max": 3644.6709,
            "med": 618.2807,
            "min": 0,
            "p(90)": 2810.43144,
            "p(95)": 3144.709379999999
        },
        "http_req_waiting": {
            "avg": 409.9537230769231,
            "max": 1176.3963,
            "med": 311.0903,
            "min": 0,
            "p(90)": 929.7333600000005,
            "p(95)": 1120.6614599999998
        },
        "http_reqs": {
            "count": 13,
            "rate": 0.43171922294166315
        },
        "iteration_duration": {
            "avg": 7724.123284615383,
            "max": 30048.7652,
            "med": 5313.7238,
            "min": 307.9525,
            "p(90)": 19169.63978000001,
            "p(95)": 25120.12063999999
        },
        "iterations": {
            "count": 13,
            "rate": 0.43171922294166315
        },
        "vus": {
            "max": 10,
            "min": 10,
            "value": 10
        },
        "vus_max": {
            "max": 10,
            "min": 10,
            "value": 10
        }
    },
    "root_group": {
        "name": "",
        "path": "",
        "id": "d41d8cd98f00b204e9800998ecf8427e",
        "groups": {},
        "checks": {
            "is status 200": {
                "name": "is status 200",
                "path": "::is status 200",
                "id": "548d37ca5f33793206f7832e7cea54fb",
                "passes": 12,
                "fails": 1
            },
            "no error in body": {
                "name": "no error in body",
                "path": "::no error in body",
                "id": "2304d1de9b435292b5c06f40b4167043",
                "passes": 0,
                "fails": 13
            }
        }
    }
}
