{
    "metrics": {
        "checks": {
            "fails": 77,
            "passes": 77,
            "value": 0
        },
        "data_received": {
            "count": 77656,
            "rate": 8097.079790926093
        },
        "data_sent": {
            "count": 26175,
            "rate": 2729.229725037221
        },
        "dropped_iterations": {
            "count": 174,
            "rate": 18.1427305503907
        },
        "http_req_blocked": {
            "avg": 403.1601441558442,
            "max": 9245.6693,
            "med": 0.0507,
            "min": 0.0256,
            "p(90)": 1373.1866000000039,
            "p(95)": 2843.16158
        },
        "http_req_connecting": {
            "avg": 261.28769220779225,
            "max": 6469.2034,
            "med": 0,
            "min": 0,
            "p(90)": 278.94272,
            "p(95)": 2296.05042
        },
        "http_req_duration": {
            "avg": 348.8984363636364,
            "max": 4327.3536,
            "med": 273.9746,
            "min": 261.8844,
            "p(90)": 292.1532,
            "p(95)": 371.486360000001
        },
        "http_req_receiving": {
            "avg": 0.4489220779220781,
            "max": 2.5289,
            "med": 0.2748,
            "min": 0.1288,
            "p(90)": 0.8103400000000014,
            "p(95)": 1.8929200000000002
        },
        "http_req_sending": {
            "avg": 0.22369999999999998,
            "max": 0.5368,
            "med": 0.1891,
            "min": 0.084,
            "p(90)": 0.3925400000000001,
            "p(95)": 0.4439000000000001
        },
        "http_req_tls_handshaking": {
            "avg": 136.7937207792208,
            "max": 2681.6981,
            "med": 0,
            "min": 0,
            "p(90)": 529.66478,
            "p(95)": 853.8906000000014
        },
        "http_req_waiting": {
            "avg": 348.2258142857141,
            "max": 4326.8421,
            "med": 272.8888,
            "min": 261.313,
            "p(90)": 291.31614,
            "p(95)": 370.88360000000097
        },
        "http_reqs": {
            "count": 77,
            "rate": 8.028679611379792
        },
        "iteration_duration": {
            "avg": 752.989472727273,
            "max": 9517.8653,
            "med": 277.0067,
            "min": 262.7807,
            "p(90)": 1666.3840400000038,
            "p(95)": 3116.7646400000003
        },
        "iterations": {
            "count": 77,
            "rate": 8.028679611379792
        },
        "vus": {
            "max": 10,
            "min": 10,
            "value": 10
        },
        "vus_max": {
            "max": 10,
            "min": 10,
            "value": 10
        }
    },
    "root_group": {
        "name": "",
        "path": "",
        "id": "d41d8cd98f00b204e9800998ecf8427e",
        "groups": {},
        "checks": {
            "is status 200": {
                "name": "is status 200",
                "path": "::is status 200",
                "id": "548d37ca5f33793206f7832e7cea54fb",
                "passes": 77,
                "fails": 0
            },
            "no error in body": {
                "name": "no error in body",
                "path": "::no error in body",
                "id": "2304d1de9b435292b5c06f40b4167043",
                "passes": 0,
                "fails": 77
            }
        }
    }
}
