{
    "metrics": {
        "checks": {
            "fails": 17,
            "passes": 15,
            "value": 0
        },
        "data_received": {
            "count": 45586,
            "rate": 1301.3599105439955
        },
        "data_sent": {
            "count": 8398,
            "rate": 239.7407214659868
        },
        "dropped_iterations": {
            "count": 234,
            "rate": 6.680082022272078
        },
        "http_req_blocked": {
            "avg": 2820.99091875,
            "max": 9612.667,
            "med": 1064.08825,
            "min": 0,
            "p(90)": 7120.254199999999,
            "p(95)": 8493.835149999999
        },
        "http_req_connecting": {
            "avg": 993.3029999999999,
            "max": 3400.1458,
            "med": 157.68795,
            "min": 0,
            "p(90)": 2887.44035,
            "p(95)": 3398.9743
        },
        "http_req_duration": {
            "avg": 452.9529812500001,
            "max": 1197.5227,
            "med": 314.15255,
            "min": 0,
            "p(90)": 1154.26925,
            "p(95)": 1196.310025
        },
        "http_req_receiving": {
            "avg": 0.4020125,
            "max": 3.5011,
            "med": 0.1929,
            "min": 0,
            "p(90)": 0.32835000000000003,
            "p(95)": 1.127275
        },
        "http_req_sending": {
            "avg": 0.28574375,
            "max": 1.0345,
            "med": 0.20105,
            "min": 0,
            "p(90)": 0.5119,
            "p(95)": 0.691075
        },
        "http_req_tls_handshaking": {
            "avg": 1812.37475,
            "max": 9208.6916,
            "med": 393.4845,
            "min": 0,
            "p(90)": 4911.6073,
            "p(95)": 6574.919825
        },
        "http_req_waiting": {
            "avg": 452.265225,
            "max": 1196.8517,
            "med": 313.78340000000003,
            "min": 0,
            "p(90)": 1153.3701,
            "p(95)": 1195.7289500000002
        },
        "http_reqs": {
            "count": 16,
            "rate": 0.45675774511262074
        },
        "iteration_duration": {
            "avg": 5151.8923187499995,
            "max": 30002.0813,
            "med": 3394.81635,
            "min": 303.3287,
            "p(90)": 9203.10155,
            "p(95)": 14990.3525
        },
        "iterations": {
            "count": 16,
            "rate": 0.45675774511262074
        },
        "vus": {
            "max": 10,
            "min": 10,
            "value": 10
        },
        "vus_max": {
            "max": 10,
            "min": 10,
            "value": 10
        }
    },
    "root_group": {
        "name": "",
        "path": "",
        "id": "d41d8cd98f00b204e9800998ecf8427e",
        "groups": {},
        "checks": {
            "is status 200": {
                "name": "is status 200",
                "path": "::is status 200",
                "id": "548d37ca5f33793206f7832e7cea54fb",
                "passes": 15,
                "fails": 1
            },
            "no error in body": {
                "name": "no error in body",
                "path": "::no error in body",
                "id": "2304d1de9b435292b5c06f40b4167043",
                "passes": 0,
                "fails": 16
            }
        }
    }
}
