{
    "metrics": {
        "checks": {
            "fails": 10,
            "passes": 10,
            "value": 0
        },
        "data_received": {
            "count": 47726,
            "rate": 4933.9040766385015
        },
        "data_sent": {
            "count": 7080,
            "rate": 731.9289457025644
        },
        "dropped_iterations": {
            "count": 241,
            "rate": 24.914530496372603
        },
        "http_req_blocked": {
            "avg": 4208.24474,
            "max": 8102.1169,
            "med": 4103.84995,
            "min": 1069.2725,
            "p(90)": 7381.060659999999,
            "p(95)": 7741.588779999999
        },
        "http_req_connecting": {
            "avg": 2666.2039400000003,
            "max": 7486.4902,
            "med": 2873.34605,
            "min": 296.2222,
            "p(90)": 5633.040459999999,
            "p(95)": 6559.765329999998
        },
        "http_req_duration": {
            "avg": 4704.947009999999,
            "max": 7410.4803,
            "med": 5319.0671999999995,
            "min": 1172.5859,
            "p(90)": 7211.07162,
            "p(95)": 7310.77596
        },
        "http_req_receiving": {
            "avg": 0.32667999999999997,
            "max": 0.595,
            "med": 0.34635000000000005,
            "min": 0.1407,
            "p(90)": 0.4707099999999999,
            "p(95)": 0.5328549999999999
        },
        "http_req_sending": {
            "avg": 0.6371200000000001,
            "max": 3.1541,
            "med": 0.35550000000000004,
            "min": 0.1349,
            "p(90)": 1.012369999999999,
            "p(95)": 2.0832349999999975
        },
        "http_req_tls_handshaking": {
            "avg": 1519.33948,
            "max": 3903.529,
            "med": 1715.05115,
            "min": 596.917,
            "p(90)": 1980.1854399999993,
            "p(95)": 2941.8572199999976
        },
        "http_req_waiting": {
            "avg": 4703.98321,
            "max": 7409.3283,
            "med": 5318.30685,
            "min": 1172.2393,
            "p(90)": 7210.19583,
            "p(95)": 7309.762065
        },
        "http_reqs": {
            "count": 10,
            "rate": 1.033797945907577
        },
        "iteration_duration": {
            "avg": 8914.180499999999,
            "max": 9511.5315,
            "med": 8954.7845,
            "min": 8336.2229,
            "p(90)": 9439.168889999999,
            "p(95)": 9475.350194999999
        },
        "iterations": {
            "count": 10,
            "rate": 1.033797945907577
        },
        "vus": {
            "max": 10,
            "min": 10,
            "value": 10
        },
        "vus_max": {
            "max": 10,
            "min": 10,
            "value": 10
        }
    },
    "root_group": {
        "name": "",
        "path": "",
        "id": "d41d8cd98f00b204e9800998ecf8427e",
        "groups": {},
        "checks": {
            "is status 200": {
                "name": "is status 200",
                "path": "::is status 200",
                "id": "548d37ca5f33793206f7832e7cea54fb",
                "passes": 10,
                "fails": 0
            },
            "no error in body": {
                "name": "no error in body",
                "path": "::no error in body",
                "id": "2304d1de9b435292b5c06f40b4167043",
                "passes": 0,
                "fails": 10
            }
        }
    }
}
