{
    "metrics": {
        "checks": {
            "fails": 18,
            "passes": 16,
            "value": 0
        },
        "data_received": {
            "count": 45916,
            "rate": 1310.3372737540358
        },
        "data_sent": {
            "count": 8367,
            "rate": 238.7749797347334
        },
        "dropped_iterations": {
            "count": 231,
            "rate": 6.592209910209563
        },
        "http_req_blocked": {
            "avg": 2284.7889588235294,
            "max": 15475.1355,
            "med": 0.0696,
            "min": 0,
            "p(90)": 5483.165040000002,
            "p(95)": 9157.581899999994
        },
        "http_req_connecting": {
            "avg": 302.9374058823529,
            "max": 3360.4174,
            "med": 0,
            "min": 0,
            "p(90)": 305.4043,
            "p(95)": 917.1895599999979
        },
        "http_req_duration": {
            "avg": 1144.2165294117647,
            "max": 6492.6269,
            "med": 313.6458,
            "min": 0,
            "p(90)": 2191.9418800000003,
            "p(95)": 3233.306579999997
        },
        "http_req_receiving": {
            "avg": 0.4137882352941176,
            "max": 0.7834,
            "med": 0.3618,
            "min": 0,
            "p(90)": 0.64846,
            "p(95)": 0.7173999999999999
        },
        "http_req_sending": {
            "avg": 0.2640470588235294,
            "max": 0.5207,
            "med": 0.2388,
            "min": 0,
            "p(90)": 0.39832,
            "p(95)": 0.4250999999999999
        },
        "http_req_tls_handshaking": {
            "avg": 1970.2503882352942,
            "max": 15087.9063,
            "med": 0,
            "min": 0,
            "p(90)": 5180.801880000001,
            "p(95)": 8834.738939999996
        },
        "http_req_waiting": {
            "avg": 1143.538694117647,
            "max": 6492.1164,
            "med": 313.1059,
            "min": 0,
            "p(90)": 2190.97186,
            "p(95)": 3232.829359999997
        },
        "http_reqs": {
            "count": 17,
            "rate": 0.48514098906304143
        },
        "iteration_duration": {
            "avg": 5194.921005882353,
            "max": 30003.6681,
            "med": 2420.7556,
            "min": 290.6611,
            "p(90)": 12426.739280000002,
            "p(95)": 19310.34921999999
        },
        "iterations": {
            "count": 17,
            "rate": 0.48514098906304143
        },
        "vus": {
            "max": 10,
            "min": 10,
            "value": 10
        },
        "vus_max": {
            "max": 10,
            "min": 10,
            "value": 10
        }
    },
    "root_group": {
        "name": "",
        "path": "",
        "id": "d41d8cd98f00b204e9800998ecf8427e",
        "groups": {},
        "checks": {
            "is status 200": {
                "name": "is status 200",
                "path": "::is status 200",
                "id": "548d37ca5f33793206f7832e7cea54fb",
                "passes": 16,
                "fails": 1
            },
            "no error in body": {
                "name": "no error in body",
                "path": "::no error in body",
                "id": "2304d1de9b435292b5c06f40b4167043",
                "passes": 0,
                "fails": 17
            }
        }
    }
}
