{
    "metrics": {
        "checks": {
            "fails": 93,
            "passes": 91,
            "value": 0
        },
        "data_received": {
            "count": 79230,
            "rate": 2627.8712690144257
        },
        "data_sent": {
            "count": 29742,
            "rate": 986.4716304812199
        },
        "dropped_iterations": {
            "count": 159,
            "rate": 5.273653057847958
        },
        "http_req_blocked": {
            "avg": 230.54034565217395,
            "max": 7047.9256,
            "med": 0.05165,
            "min": 0,
            "p(90)": 0.410960000000001,
            "p(95)": 954.3505250000002
        },
        "http_req_connecting": {
            "avg": 149.21032717391304,
            "max": 5407.9904,
            "med": 0,
            "min": 0,
            "p(90)": 0,
            "p(95)": 286.43768
        },
        "http_req_duration": {
            "avg": 279.97693152173906,
            "max": 315.0938,
            "med": 288.6558,
            "min": 0,
            "p(90)": 295.35855999999995,
            "p(95)": 298.134225
        },
        "http_req_receiving": {
            "avg": 0.3083826086956522,
            "max": 1.5141,
            "med": 0.25665,
            "min": 0,
            "p(90)": 0.4745600000000002,
            "p(95)": 0.6418750000000003
        },
        "http_req_sending": {
            "avg": 0.2374163043478262,
            "max": 1.0221,
            "med": 0.18745,
            "min": 0,
            "p(90)": 0.35101000000000004,
            "p(95)": 0.5805500000000005
        },
        "http_req_tls_handshaking": {
            "avg": 78.72940434782609,
            "max": 1639.3184,
            "med": 0,
            "min": 0,
            "p(90)": 0,
            "p(95)": 595.462345
        },
        "http_req_waiting": {
            "avg": 279.4311326086958,
            "max": 314.6083,
            "med": 288.21375,
            "min": 0,
            "p(90)": 294.82484999999997,
            "p(95)": 297.47044
        },
        "http_reqs": {
            "count": 92,
            "rate": 3.0514218951069942
        },
        "iteration_duration": {
            "avg": 837.9024250000002,
            "max": 30036.4681,
            "med": 291.6436,
            "min": 264.1202,
            "p(90)": 1069.7384300000047,
            "p(95)": 2106.7956150000055
        },
        "iterations": {
            "count": 92,
            "rate": 3.0514218951069942
        },
        "vus": {
            "max": 10,
            "min": 10,
            "value": 10
        },
        "vus_max": {
            "max": 10,
            "min": 10,
            "value": 10
        }
    },
    "root_group": {
        "name": "",
        "path": "",
        "id": "d41d8cd98f00b204e9800998ecf8427e",
        "groups": {},
        "checks": {
            "is status 200": {
                "name": "is status 200",
                "path": "::is status 200",
                "id": "548d37ca5f33793206f7832e7cea54fb",
                "passes": 91,
                "fails": 1
            },
            "no error in body": {
                "name": "no error in body",
                "path": "::no error in body",
                "id": "2304d1de9b435292b5c06f40b4167043",
                "passes": 0,
                "fails": 92
            }
        }
    }
}
