{
    "metrics": {
        "checks": {
            "fails": 20,
            "passes": 20,
            "value": 0
        },
        "data_received": {
            "count": 52017,
            "rate": 3675.5812448734446
        },
        "data_sent": {
            "count": 9930,
            "rate": 701.6652586960668
        },
        "dropped_iterations": {
            "count": 231,
            "rate": 16.322726561811827
        },
        "http_req_blocked": {
            "avg": 3126.304135,
            "max": 13789.1262,
            "med": 986.89805,
            "min": 0.0482,
            "p(90)": 7346.239490000002,
            "p(95)": 8657.534095000005
        },
        "http_req_connecting": {
            "avg": 2108.9944499999997,
            "max": 11680.2565,
            "med": 660.3292,
            "min": 0,
            "p(90)": 5455.0927,
            "p(95)": 5768.510620000005
        },
        "http_req_duration": {
            "avg": 461.7445899999999,
            "max": 2411.7605,
            "med": 307.97540000000004,
            "min": 293.8729,
            "p(90)": 459.8468000000011,
            "p(95)": 1232.584685000001
        },
        "http_req_receiving": {
            "avg": 0.41739499999999996,
            "max": 1.5261,
            "med": 0.28959999999999997,
            "min": 0.1496,
            "p(90)": 0.6969400000000003,
            "p(95)": 0.9969500000000003
        },
        "http_req_sending": {
            "avg": 0.30328999999999995,
            "max": 0.6373,
            "med": 0.28615,
            "min": 0.1196,
            "p(90)": 0.51002,
            "p(95)": 0.5199750000000001
        },
        "http_req_tls_handshaking": {
            "avg": 1005.2098550000001,
            "max": 5425.0172,
            "med": 305.0106,
            "min": 0,
            "p(90)": 2853.50371,
            "p(95)": 2993.129490000002
        },
        "http_req_waiting": {
            "avg": 461.023905,
            "max": 2410.4612,
            "med": 306.988,
            "min": 293.4547,
            "p(90)": 459.4538300000011,
            "p(95)": 1231.8012350000008
        },
        "http_reqs": {
            "count": 20,
            "rate": 1.4132230789447469
        },
        "iteration_duration": {
            "avg": 3590.7424699999997,
            "max": 14131.4935,
            "med": 2343.0335,
            "min": 294.574,
            "p(90)": 7659.545630000001,
            "p(95)": 8978.121315000004
        },
        "iterations": {
            "count": 20,
            "rate": 1.4132230789447469
        },
        "vus": {
            "max": 10,
            "min": 10,
            "value": 10
        },
        "vus_max": {
            "max": 10,
            "min": 10,
            "value": 10
        }
    },
    "root_group": {
        "name": "",
        "path": "",
        "id": "d41d8cd98f00b204e9800998ecf8427e",
        "groups": {},
        "checks": {
            "is status 200": {
                "name": "is status 200",
                "path": "::is status 200",
                "id": "548d37ca5f33793206f7832e7cea54fb",
                "passes": 20,
                "fails": 0
            },
            "no error in body": {
                "name": "no error in body",
                "path": "::no error in body",
                "id": "2304d1de9b435292b5c06f40b4167043",
                "passes": 0,
                "fails": 20
            }
        }
    }
}
