{
    "metrics": {
        "checks": {
            "fails": 21,
            "passes": 15,
            "value": 0
        },
        "data_received": {
            "count": 36928,
            "rate": 1221.7348670843578
        },
        "data_sent": {
            "count": 7236,
            "rate": 239.39757090073692
        },
        "dropped_iterations": {
            "count": 233,
            "rate": 7.708628250396863
        },
        "http_req_blocked": {
            "avg": 2182.1899,
            "max": 12404.6188,
            "med": 0.048850000000000005,
            "min": 0,
            "p(90)": 5813.813230000002,
            "p(95)": 8647.313139999995
        },
        "http_req_connecting": {
            "avg": 1020.5433722222222,
            "max": 3362.8412,
            "med": 0,
            "min": 0,
            "p(90)": 2640.8008600000007,
            "p(95)": 3362.765635
        },
        "http_req_duration": {
            "avg": 992.56395,
            "max": 10893.7131,
            "med": 287.84785,
            "min": 0,
            "p(90)": 1656.8910600000002,
            "p(95)": 3121.351944999987
        },
        "http_req_receiving": {
            "avg": 0.25584444444444443,
            "max": 0.7735,
            "med": 0.21685,
            "min": 0,
            "p(90)": 0.44223,
            "p(95)": 0.49197999999999953
        },
        "http_req_sending": {
            "avg": 0.17967222222222218,
            "max": 0.5479,
            "med": 0.1466,
            "min": 0,
            "p(90)": 0.3648,
            "p(95)": 0.4101149999999998
        },
        "http_req_tls_handshaking": {
            "avg": 1151.879238888889,
            "max": 10024.8474,
            "med": 0,
            "min": 0,
            "p(90)": 3158.5740300000016,
            "p(95)": 5408.315669999993
        },
        "http_req_waiting": {
            "avg": 992.1284333333333,
            "max": 10893.2885,
            "med": 287.52,
            "min": 0,
            "p(90)": 1656.5357900000001,
            "p(95)": 3120.923264999987
        },
        "http_reqs": {
            "count": 18,
            "rate": 0.5955163455242212
        },
        "iteration_duration": {
            "avg": 8181.55155,
            "max": 30070.2277,
            "med": 3761.2971,
            "min": 288.0398,
            "p(90)": 30003.44729,
            "p(95)": 30013.703719999998
        },
        "iterations": {
            "count": 18,
            "rate": 0.5955163455242212
        },
        "vus": {
            "max": 10,
            "min": 10,
            "value": 10
        },
        "vus_max": {
            "max": 10,
            "min": 10,
            "value": 10
        }
    },
    "root_group": {
        "name": "",
        "path": "",
        "id": "d41d8cd98f00b204e9800998ecf8427e",
        "groups": {},
        "checks": {
            "is status 200": {
                "name": "is status 200",
                "path": "::is status 200",
                "id": "548d37ca5f33793206f7832e7cea54fb",
                "passes": 15,
                "fails": 3
            },
            "no error in body": {
                "name": "no error in body",
                "path": "::no error in body",
                "id": "2304d1de9b435292b5c06f40b4167043",
                "passes": 0,
                "fails": 18
            }
        }
    }
}
