{
    "metrics": {
        "checks": {
            "fails": 27,
            "passes": 27,
            "value": 0
        },
        "data_received": {
            "count": 55157,
            "rate": 2239.2435732335216
        },
        "data_sent": {
            "count": 11925,
            "rate": 484.1267583590432
        },
        "dropped_iterations": {
            "count": 223,
            "rate": 9.05327187539343
        },
        "http_req_blocked": {
            "avg": 2667.3828518518517,
            "max": 20421.6798,
            "med": 0.0677,
            "min": 0.0247,
            "p(90)": 8353.566460000007,
            "p(95)": 11689.127589999998
        },
        "http_req_connecting": {
            "avg": 1444.9793740740743,
            "max": 19787.7396,
            "med": 0,
            "min": 0,
            "p(90)": 2371.42466,
            "p(95)": 8837.799079999993
        },
        "http_req_duration": {
            "avg": 753.3765888888889,
            "max": 6234.037,
            "med": 313.2604,
            "min": 296.3524,
            "p(90)": 1083.6640200000002,
            "p(95)": 3135.126489999998
        },
        "http_req_receiving": {
            "avg": 31.02538148148148,
            "max": 822.7527,
            "med": 0.355,
            "min": 0.1907,
            "p(90)": 0.916020000000001,
            "p(95)": 3.5840099999999975
        },
        "http_req_sending": {
            "avg": 0.2738962962962963,
            "max": 0.5899,
            "med": 0.261,
            "min": 0.1339,
            "p(90)": 0.35808,
            "p(95)": 0.39615
        },
        "http_req_tls_handshaking": {
            "avg": 1214.1484666666668,
            "max": 10170.0349,
            "med": 0,
            "min": 0,
            "p(90)": 3917.2275200000013,
            "p(95)": 5926.340969999998
        },
        "http_req_waiting": {
            "avg": 722.0773111111113,
            "max": 6233.4333,
            "med": 312.4455,
            "min": 295.6977,
            "p(90)": 1030.15426,
            "p(95)": 3108.392789999998
        },
        "http_reqs": {
            "count": 27,
            "rate": 1.0961360566619847
        },
        "iteration_duration": {
            "avg": 3421.6495555555557,
            "max": 24414.8166,
            "med": 1019.416,
            "min": 304.9365,
            "p(90)": 8658.789840000009,
            "p(95)": 11992.1647
        },
        "iterations": {
            "count": 27,
            "rate": 1.0961360566619847
        },
        "vus": {
            "max": 10,
            "min": 10,
            "value": 10
        },
        "vus_max": {
            "max": 10,
            "min": 10,
            "value": 10
        }
    },
    "root_group": {
        "name": "",
        "path": "",
        "id": "d41d8cd98f00b204e9800998ecf8427e",
        "groups": {},
        "checks": {
            "is status 200": {
                "name": "is status 200",
                "path": "::is status 200",
                "id": "548d37ca5f33793206f7832e7cea54fb",
                "passes": 27,
                "fails": 0
            },
            "no error in body": {
                "name": "no error in body",
                "path": "::no error in body",
                "id": "2304d1de9b435292b5c06f40b4167043",
                "passes": 0,
                "fails": 27
            }
        }
    }
}
