{
    "metrics": {
        "checks": {
            "fails": 53,
            "passes": 53,
            "value": 0
        },
        "data_received": {
            "count": 66331,
            "rate": 7957.879087914835
        },
        "data_sent": {
            "count": 19335,
            "rate": 2319.663387629213
        },
        "dropped_iterations": {
            "count": 198,
            "rate": 23.75450482289031
        },
        "http_req_blocked": {
            "avg": 605.8205433962265,
            "max": 7805.6066,
            "med": 0.042,
            "min": 0.0199,
            "p(90)": 2098.8533399999997,
            "p(95)": 3545.4887799999988
        },
        "http_req_connecting": {
            "avg": 215.85804716981133,
            "max": 2455.07,
            "med": 0,
            "min": 0,
            "p(90)": 307.79842,
            "p(95)": 1755.8979599999986
        },
        "http_req_duration": {
            "avg": 451.78446226415093,
            "max": 1802.4716,
            "med": 312.3156,
            "min": 299.8983,
            "p(90)": 914.83932,
            "p(95)": 1222.5465799999997
        },
        "http_req_receiving": {
            "avg": 0.2941679245283019,
            "max": 1.8673,
            "med": 0.2274,
            "min": 0.0994,
            "p(90)": 0.4541200000000001,
            "p(95)": 0.7028599999999996
        },
        "http_req_sending": {
            "avg": 0.1985094339622642,
            "max": 0.4986,
            "med": 0.1775,
            "min": 0.0656,
            "p(90)": 0.38502000000000003,
            "p(95)": 0.41994
        },
        "http_req_tls_handshaking": {
            "avg": 385.20915471698106,
            "max": 5420.4564,
            "med": 0,
            "min": 0,
            "p(90)": 1718.0919999999999,
            "p(95)": 2160.8050999999987
        },
        "http_req_waiting": {
            "avg": 451.2917849056602,
            "max": 1802.0428,
            "med": 311.7691,
            "min": 299.4827,
            "p(90)": 914.37104,
            "p(95)": 1222.0445599999998
        },
        "http_reqs": {
            "count": 53,
            "rate": 6.358529068753467
        },
        "iteration_duration": {
            "avg": 1058.3404358490563,
            "max": 8118.285,
            "med": 313.4391,
            "min": 300.5916,
            "p(90)": 3078.566200000003,
            "p(95)": 3896.6522599999985
        },
        "iterations": {
            "count": 53,
            "rate": 6.358529068753467
        },
        "vus": {
            "max": 10,
            "min": 10,
            "value": 10
        },
        "vus_max": {
            "max": 10,
            "min": 10,
            "value": 10
        }
    },
    "root_group": {
        "name": "",
        "path": "",
        "id": "d41d8cd98f00b204e9800998ecf8427e",
        "groups": {},
        "checks": {
            "is status 200": {
                "name": "is status 200",
                "path": "::is status 200",
                "id": "548d37ca5f33793206f7832e7cea54fb",
                "passes": 53,
                "fails": 0
            },
            "no error in body": {
                "name": "no error in body",
                "path": "::no error in body",
                "id": "2304d1de9b435292b5c06f40b4167043",
                "passes": 0,
                "fails": 53
            }
        }
    }
}
