{
    "metrics": {
        "checks": {
            "fails": 28,
            "passes": 28,
            "value": 0
        },
        "data_received": {
            "count": 55850,
            "rate": 4885.229001472925
        },
        "data_sent": {
            "count": 12210,
            "rate": 1068.0151496505714
        },
        "dropped_iterations": {
            "count": 222,
            "rate": 19.418457266374027
        },
        "http_req_blocked": {
            "avg": 1487.8247357142857,
            "max": 10976.545,
            "med": 0.07025,
            "min": 0.0402,
            "p(90)": 4988.44756,
            "p(95)": 5759.412154999998
        },
        "http_req_connecting": {
            "avg": 580.1657892857144,
            "max": 4387.8544,
            "med": 0,
            "min": 0,
            "p(90)": 2320.41287,
            "p(95)": 2324.0289549999998
        },
        "http_req_duration": {
            "avg": 772.1264392857144,
            "max": 4301.1077,
            "med": 306.3532,
            "min": 298.0143,
            "p(90)": 1700.1013300000002,
            "p(95)": 2749.362254999998
        },
        "http_req_receiving": {
            "avg": 0.42154999999999987,
            "max": 1.4001,
            "med": 0.34515,
            "min": 0.1977,
            "p(90)": 0.62126,
            "p(95)": 0.7307949999999999
        },
        "http_req_sending": {
            "avg": 0.43359642857142866,
            "max": 2.1544,
            "med": 0.25529999999999997,
            "min": 0.1685,
            "p(90)": 0.85934,
            "p(95)": 0.9833149999999999
        },
        "http_req_tls_handshaking": {
            "avg": 899.4012214285715,
            "max": 10670.7376,
            "med": 0,
            "min": 0,
            "p(90)": 2527.51587,
            "p(95)": 2684.4936199999997
        },
        "http_req_waiting": {
            "avg": 771.2712928571428,
            "max": 4300.5269,
            "med": 305.49085,
            "min": 297.2721,
            "p(90)": 1699.0635200000004,
            "p(95)": 2747.846544999998
        },
        "http_reqs": {
            "count": 28,
            "rate": 2.4491747903534806
        },
        "iteration_duration": {
            "avg": 2273.460953571429,
            "max": 11323.2,
            "med": 1033.19675,
            "min": 299.244,
            "p(90)": 5710.250930000001,
            "p(95)": 7587.709844999998
        },
        "iterations": {
            "count": 28,
            "rate": 2.4491747903534806
        },
        "vus": {
            "max": 10,
            "min": 10,
            "value": 10
        },
        "vus_max": {
            "max": 10,
            "min": 10,
            "value": 10
        }
    },
    "root_group": {
        "name": "",
        "path": "",
        "id": "d41d8cd98f00b204e9800998ecf8427e",
        "groups": {},
        "checks": {
            "is status 200": {
                "name": "is status 200",
                "path": "::is status 200",
                "id": "548d37ca5f33793206f7832e7cea54fb",
                "passes": 28,
                "fails": 0
            },
            "no error in body": {
                "name": "no error in body",
                "path": "::no error in body",
                "id": "2304d1de9b435292b5c06f40b4167043",
                "passes": 0,
                "fails": 28
            }
        }
    }
}
