{
    "metrics": {
        "checks": {
            "fails": 92,
            "passes": 92,
            "value": 0
        },
        "data_received": {
            "count": 83788,
            "rate": 13177.97204492061
        },
        "data_sent": {
            "count": 30450,
            "rate": 4789.101646629978
        },
        "dropped_iterations": {
            "count": 158,
            "rate": 24.84985419269414
        },
        "http_req_blocked": {
            "avg": 214.74640108695652,
            "max": 5930.6993,
            "med": 0.05025,
            "min": 0.0204,
            "p(90)": 837.5405700000053,
            "p(95)": 1058.72547
        },
        "http_req_connecting": {
            "avg": 107.97543695652175,
            "max": 5397.1971,
            "med": 0,
            "min": 0,
            "p(90)": 237.8969100000015,
            "p(95)": 281.4778850000001
        },
        "http_req_duration": {
            "avg": 319.26635760869556,
            "max": 1091.6266,
            "med": 283.3316,
            "min": 267.6182,
            "p(90)": 392.22597,
            "p(95)": 427.01569
        },
        "http_req_receiving": {
            "avg": 0.3269847826086955,
            "max": 2.5603,
            "med": 0.22765000000000002,
            "min": 0.1073,
            "p(90)": 0.5895100000000001,
            "p(95)": 0.7493150000000001
        },
        "http_req_sending": {
            "avg": 0.2296978260869564,
            "max": 0.6394,
            "med": 0.1891,
            "min": 0.0692,
            "p(90)": 0.37289,
            "p(95)": 0.448425
        },
        "http_req_tls_handshaking": {
            "avg": 104.00776086956522,
            "max": 2681.15,
            "med": 0,
            "min": 0,
            "p(90)": 479.62935000000306,
            "p(95)": 714.6417600000001
        },
        "http_req_waiting": {
            "avg": 318.70967499999995,
            "max": 1091.2783,
            "med": 282.52970000000005,
            "min": 267.2728,
            "p(90)": 391.57152,
            "p(95)": 426.59159
        },
        "http_reqs": {
            "count": 92,
            "rate": 14.469535352707979
        },
        "iteration_duration": {
            "avg": 534.7859163043477,
            "max": 6203.16,
            "med": 292.26604999999995,
            "min": 268.2743,
            "p(90)": 1214.3426800000009,
            "p(95)": 1338.037285
        },
        "iterations": {
            "count": 92,
            "rate": 14.469535352707979
        },
        "vus": {
            "max": 10,
            "min": 10,
            "value": 10
        },
        "vus_max": {
            "max": 10,
            "min": 10,
            "value": 10
        }
    },
    "root_group": {
        "name": "",
        "path": "",
        "id": "d41d8cd98f00b204e9800998ecf8427e",
        "groups": {},
        "checks": {
            "is status 200": {
                "name": "is status 200",
                "path": "::is status 200",
                "id": "548d37ca5f33793206f7832e7cea54fb",
                "passes": 92,
                "fails": 0
            },
            "no error in body": {
                "name": "no error in body",
                "path": "::no error in body",
                "id": "2304d1de9b435292b5c06f40b4167043",
                "passes": 0,
                "fails": 92
            }
        }
    }
}
