{
    "metrics": {
        "checks": {
            "fails": 13,
            "passes": 13,
            "value": 0
        },
        "data_received": {
            "count": 49109,
            "rate": 1409.4400661607106
        },
        "data_sent": {
            "count": 7935,
            "rate": 227.73640116852795
        },
        "dropped_iterations": {
            "count": 237,
            "rate": 6.801956783483443
        },
        "http_req_blocked": {
            "avg": 3792.6102846153854,
            "max": 15609.3769,
            "med": 2883.7071,
            "min": 0.0387,
            "p(90)": 6702.793880000001,
            "p(95)": 10424.676219999987
        },
        "http_req_connecting": {
            "avg": 1163.8889846153847,
            "max": 2340.0196,
            "med": 1305.1432,
            "min": 0,
            "p(90)": 2131.6233200000006,
            "p(95)": 2337.48976
        },
        "http_req_duration": {
            "avg": 5207.575307692307,
            "max": 32768.3093,
            "med": 1909.0016,
            "min": 291.0262,
            "p(90)": 10973.568140000003,
            "p(95)": 20336.15695999997
        },
        "http_req_receiving": {
            "avg": 88.45933076923077,
            "max": 1144.2633,
            "med": 0.4247,
            "min": 0.2097,
            "p(90)": 1.1384400000000001,
            "p(95)": 458.44493999999844
        },
        "http_req_sending": {
            "avg": 0.3373076923076923,
            "max": 0.7014,
            "med": 0.304,
            "min": 0.1826,
            "p(90)": 0.4842,
            "p(95)": 0.5819399999999997
        },
        "http_req_tls_handshaking": {
            "avg": 2608.7528384615384,
            "max": 14252.2178,
            "med": 1507.3673,
            "min": 0,
            "p(90)": 4568.971100000001,
            "p(95)": 8477.568739999986
        },
        "http_req_waiting": {
            "avg": 5118.77866923077,
            "max": 32767.634,
            "med": 1907.4432,
            "min": 289.9648,
            "p(90)": 10792.852800000004,
            "p(95)": 20335.62355999997
        },
        "http_reqs": {
            "count": 13,
            "rate": 0.3731031147058429
        },
        "iteration_duration": {
            "avg": 9017.18856153846,
            "max": 34717.7478,
            "med": 6277.6653,
            "min": 1023.3145,
            "p(90)": 15932.840979999999,
            "p(95)": 23449.15421999997
        },
        "iterations": {
            "count": 13,
            "rate": 0.3731031147058429
        },
        "vus": {
            "max": 10,
            "min": 10,
            "value": 10
        },
        "vus_max": {
            "max": 10,
            "min": 10,
            "value": 10
        }
    },
    "root_group": {
        "name": "",
        "path": "",
        "id": "d41d8cd98f00b204e9800998ecf8427e",
        "groups": {},
        "checks": {
            "is status 200": {
                "name": "is status 200",
                "path": "::is status 200",
                "id": "548d37ca5f33793206f7832e7cea54fb",
                "passes": 13,
                "fails": 0
            },
            "no error in body": {
                "name": "no error in body",
                "path": "::no error in body",
                "id": "2304d1de9b435292b5c06f40b4167043",
                "passes": 0,
                "fails": 13
            }
        }
    }
}
