{
    "metrics": {
        "checks": {
            "fails": 0,
            "passes": 292,
            "value": 0
        },
        "data_received": {
            "count": 93990,
            "rate": 15585.880614940348
        },
        "data_sent": {
            "count": 46308,
            "rate": 7679.0186138595345
        },
        "dropped_iterations": {
            "count": 2355,
            "rate": 390.51759600153764
        },
        "http_req_blocked": {
            "avg": 58.735750000000074,
            "max": 876.6938,
            "med": 0.04035,
            "min": 0.0192,
            "p(90)": 0.1706,
            "p(95)": 849.2359
        },
        "http_req_connecting": {
            "avg": 17.25117534246575,
            "max": 264.1716,
            "med": 0,
            "min": 0,
            "p(90)": 0,
            "p(95)": 248.11939999999998
        },
        "http_req_duration": {
            "avg": 293.8156219178081,
            "max": 1753.9016,
            "med": 265.8758,
            "min": 253.2659,
            "p(90)": 339.57925,
            "p(95)": 344.55125
        },
        "http_req_receiving": {
            "avg": 0.2592226027397261,
            "max": 3.601,
            "med": 0.18730000000000002,
            "min": 0.0775,
            "p(90)": 0.37024999999999997,
            "p(95)": 0.698
        },
        "http_req_sending": {
            "avg": 0.16983150684931508,
            "max": 1.3939,
            "med": 0.12855,
            "min": 0.054,
            "p(90)": 0.25880000000000003,
            "p(95)": 0.351275
        },
        "http_req_tls_handshaking": {
            "avg": 37.01314315068493,
            "max": 542.8806,
            "med": 0,
            "min": 0,
            "p(90)": 0,
            "p(95)": 539.3001
        },
        "http_req_waiting": {
            "avg": 293.38656780821924,
            "max": 1753.0579,
            "med": 265.5741,
            "min": 252.7556,
            "p(90)": 339.31305,
            "p(95)": 344.08545
        },
        "http_reqs": {
            "count": 146,
            "rate": 24.210432703280038
        },
        "iteration_duration": {
            "avg": 353.20390958904096,
            "max": 1754.7151,
            "med": 266.5693,
            "min": 254.0605,
            "p(90)": 350.20425,
            "p(95)": 1191.91275
        },
        "iterations": {
            "count": 146,
            "rate": 24.210432703280038
        },
        "vus": {
            "max": 10,
            "min": 10,
            "value": 10
        },
        "vus_max": {
            "max": 10,
            "min": 10,
            "value": 10
        }
    },
    "root_group": {
        "name": "",
        "path": "",
        "id": "d41d8cd98f00b204e9800998ecf8427e",
        "groups": {},
        "checks": {
            "is status 200": {
                "name": "is status 200",
                "path": "::is status 200",
                "id": "548d37ca5f33793206f7832e7cea54fb",
                "passes": 146,
                "fails": 0
            },
            "no error in body": {
                "name": "no error in body",
                "path": "::no error in body",
                "id": "2304d1de9b435292b5c06f40b4167043",
                "passes": 146,
                "fails": 0
            }
        }
    }
}
