{
    "metrics": {
        "checks": {
            "fails": 0,
            "passes": 280,
            "value": 0
        },
        "data_received": {
            "count": 92492,
            "rate": 17416.645199971677
        },
        "data_sent": {
            "count": 44580,
            "rate": 8394.607566219105
        },
        "dropped_iterations": {
            "count": 2360,
            "rate": 444.3982471125412
        },
        "http_req_blocked": {
            "avg": 72.53718714285712,
            "max": 1032.4389,
            "med": 0.04065,
            "min": 0.023,
            "p(90)": 0.16329000000000002,
            "p(95)": 1008.382805
        },
        "http_req_connecting": {
            "avg": 23.625368571428574,
            "max": 331.5318,
            "med": 0,
            "min": 0,
            "p(90)": 0,
            "p(95)": 330.248045
        },
        "http_req_duration": {
            "avg": 289.1947492857142,
            "max": 2485.2642,
            "med": 262.34529999999995,
            "min": 252.0572,
            "p(90)": 287.79642,
            "p(95)": 345.55878999999993
        },
        "http_req_receiving": {
            "avg": 0.5078221428571427,
            "max": 17.9047,
            "med": 0.2248,
            "min": 0.1027,
            "p(90)": 0.69398,
            "p(95)": 1.1205999999999994
        },
        "http_req_sending": {
            "avg": 0.1914464285714286,
            "max": 0.8373,
            "med": 0.14445,
            "min": 0.061,
            "p(90)": 0.3178700000000001,
            "p(95)": 0.48397499999999893
        },
        "http_req_tls_handshaking": {
            "avg": 43.982422142857146,
            "max": 624.2497,
            "med": 0,
            "min": 0,
            "p(90)": 0,
            "p(95)": 613.6002199999999
        },
        "http_req_waiting": {
            "avg": 288.49548071428575,
            "max": 2467.2521,
            "med": 261.83574999999996,
            "min": 251.7487,
            "p(90)": 287.29776,
            "p(95)": 345.34182
        },
        "http_reqs": {
            "count": 140,
            "rate": 26.36260787955753
        },
        "iteration_duration": {
            "avg": 362.3715971428571,
            "max": 2486.1136,
            "med": 263.95875,
            "min": 252.7,
            "p(90)": 352.64533,
            "p(95)": 1275.7227699999999
        },
        "iterations": {
            "count": 140,
            "rate": 26.36260787955753
        },
        "vus": {
            "max": 10,
            "min": 10,
            "value": 10
        },
        "vus_max": {
            "max": 10,
            "min": 10,
            "value": 10
        }
    },
    "root_group": {
        "name": "",
        "path": "",
        "id": "d41d8cd98f00b204e9800998ecf8427e",
        "groups": {},
        "checks": {
            "is status 200": {
                "name": "is status 200",
                "path": "::is status 200",
                "id": "548d37ca5f33793206f7832e7cea54fb",
                "passes": 140,
                "fails": 0
            },
            "no error in body": {
                "name": "no error in body",
                "path": "::no error in body",
                "id": "2304d1de9b435292b5c06f40b4167043",
                "passes": 140,
                "fails": 0
            }
        }
    }
}
