{
    "metrics": {
        "checks": {
            "fails": 10,
            "passes": 10,
            "value": 0
        },
        "data_received": {
            "count": 47697,
            "rate": 1841.8722139665074
        },
        "data_sent": {
            "count": 7080,
            "rate": 273.40200169576434
        },
        "dropped_iterations": {
            "count": 241,
            "rate": 9.306480566197628
        },
        "http_req_blocked": {
            "avg": 9506.63573,
            "max": 20815.3677,
            "med": 7780.083250000001,
            "min": 5952.0703,
            "p(90)": 14986.803269999997,
            "p(95)": 17901.085484999992
        },
        "http_req_connecting": {
            "avg": 5396.596769999999,
            "max": 5401.646,
            "med": 5398.54065,
            "min": 5385.4134,
            "p(90)": 5400.73754,
            "p(95)": 5401.191769999999
        },
        "http_req_duration": {
            "avg": 2728.02866,
            "max": 10463.0732,
            "med": 1657.4202500000001,
            "min": 281.5988,
            "p(90)": 5405.621119999998,
            "p(95)": 7934.347159999994
        },
        "http_req_receiving": {
            "avg": 0.3672700000000001,
            "max": 0.7348,
            "med": 0.34109999999999996,
            "min": 0.2373,
            "p(90)": 0.45516999999999985,
            "p(95)": 0.5949849999999997
        },
        "http_req_sending": {
            "avg": 0.4234,
            "max": 0.6745,
            "med": 0.43095,
            "min": 0.2168,
            "p(90)": 0.61078,
            "p(95)": 0.6426399999999999
        },
        "http_req_tls_handshaking": {
            "avg": 4086.73825,
            "max": 15420.5895,
            "med": 2336.8008,
            "min": 566.2799,
            "p(90)": 9588.669329999999,
            "p(95)": 12504.629414999992
        },
        "http_req_waiting": {
            "avg": 2727.23799,
            "max": 10462.2056,
            "med": 1656.75045,
            "min": 280.585,
            "p(90)": 5404.831549999998,
            "p(95)": 7933.518574999994
        },
        "http_reqs": {
            "count": 10,
            "rate": 0.3861610193442999
        },
        "iteration_duration": {
            "avg": 12235.37317,
            "max": 25659.4387,
            "med": 10425.7899,
            "min": 6302.7123,
            "p(90)": 17340.110499999995,
            "p(95)": 21499.77459999999
        },
        "iterations": {
            "count": 10,
            "rate": 0.3861610193442999
        },
        "vus": {
            "max": 10,
            "min": 10,
            "value": 10
        },
        "vus_max": {
            "max": 10,
            "min": 10,
            "value": 10
        }
    },
    "root_group": {
        "name": "",
        "path": "",
        "id": "d41d8cd98f00b204e9800998ecf8427e",
        "groups": {},
        "checks": {
            "is status 200": {
                "name": "is status 200",
                "path": "::is status 200",
                "id": "548d37ca5f33793206f7832e7cea54fb",
                "passes": 10,
                "fails": 0
            },
            "no error in body": {
                "name": "no error in body",
                "path": "::no error in body",
                "id": "2304d1de9b435292b5c06f40b4167043",
                "passes": 0,
                "fails": 10
            }
        }
    }
}
