{
    "metrics": {
        "checks": {
            "fails": 0,
            "passes": 300,
            "value": 0
        },
        "data_received": {
            "count": 95931,
            "rate": 18047.690671262306
        },
        "data_sent": {
            "count": 47460,
            "rate": 8928.74461079431
        },
        "dropped_iterations": {
            "count": 2350,
            "rate": 442.11019459263866
        },
        "http_req_blocked": {
            "avg": 71.19355200000001,
            "max": 1076.3249,
            "med": 0.0409,
            "min": 0.0205,
            "p(90)": 0.123,
            "p(95)": 1061.5635849999999
        },
        "http_req_connecting": {
            "avg": 18.67506,
            "max": 281.5807,
            "med": 0,
            "min": 0,
            "p(90)": 0,
            "p(95)": 278.836305
        },
        "http_req_duration": {
            "avg": 266.20127866666667,
            "max": 307.9918,
            "med": 260.4225,
            "min": 246.9127,
            "p(90)": 299.13477,
            "p(95)": 305.375675
        },
        "http_req_receiving": {
            "avg": 0.3305699999999999,
            "max": 6.0538,
            "med": 0.20565,
            "min": 0.0624,
            "p(90)": 0.5505199999999999,
            "p(95)": 0.8520699999999999
        },
        "http_req_sending": {
            "avg": 0.18980466666666665,
            "max": 1.5308,
            "med": 0.14939999999999998,
            "min": 0.0499,
            "p(90)": 0.30962999999999996,
            "p(95)": 0.3534999999999999
        },
        "http_req_tls_handshaking": {
            "avg": 47.82829866666666,
            "max": 719.5719,
            "med": 0,
            "min": 0,
            "p(90)": 0,
            "p(95)": 716.016275
        },
        "http_req_waiting": {
            "avg": 265.6809039999999,
            "max": 307.7664,
            "med": 259.75905,
            "min": 246.3358,
            "p(90)": 298.55784,
            "p(95)": 304.882285
        },
        "http_reqs": {
            "count": 150,
            "rate": 28.219799654849275
        },
        "iteration_duration": {
            "avg": 338.04920533333325,
            "max": 1383.0221,
            "med": 261.0924,
            "min": 247.6759,
            "p(90)": 299.88578,
            "p(95)": 1367.882795
        },
        "iterations": {
            "count": 150,
            "rate": 28.219799654849275
        },
        "vus": {
            "max": 10,
            "min": 10,
            "value": 10
        },
        "vus_max": {
            "max": 10,
            "min": 10,
            "value": 10
        }
    },
    "root_group": {
        "name": "",
        "path": "",
        "id": "d41d8cd98f00b204e9800998ecf8427e",
        "groups": {},
        "checks": {
            "is status 200": {
                "name": "is status 200",
                "path": "::is status 200",
                "id": "548d37ca5f33793206f7832e7cea54fb",
                "passes": 150,
                "fails": 0
            },
            "no error in body": {
                "name": "no error in body",
                "path": "::no error in body",
                "id": "2304d1de9b435292b5c06f40b4167043",
                "passes": 150,
                "fails": 0
            }
        }
    }
}
