{
    "metrics": {
        "checks": {
            "fails": 19,
            "passes": 19,
            "value": 0
        },
        "data_received": {
            "count": 51643,
            "rate": 4062.784084333841
        },
        "data_sent": {
            "count": 9645,
            "rate": 758.777617361499
        },
        "dropped_iterations": {
            "count": 232,
            "rate": 18.251571511443004
        },
        "http_req_blocked": {
            "avg": 3091.9940263157896,
            "max": 12191.3447,
            "med": 2140.2876,
            "min": 0.0499,
            "p(90)": 7840.877919999999,
            "p(95)": 8696.528869999993
        },
        "http_req_connecting": {
            "avg": 1568.952494736842,
            "max": 11616.6069,
            "med": 303.3014,
            "min": 0,
            "p(90)": 4622.33472,
            "p(95)": 6070.026329999987
        },
        "http_req_duration": {
            "avg": 724.8287578947369,
            "max": 2440.2572,
            "med": 323.3124,
            "min": 282.7284,
            "p(90)": 1534.6554799999992,
            "p(95)": 2426.8617799999997
        },
        "http_req_receiving": {
            "avg": 0.444721052631579,
            "max": 1.4592,
            "med": 0.3185,
            "min": 0.1721,
            "p(90)": 0.6794599999999997,
            "p(95)": 1.048169999999999
        },
        "http_req_sending": {
            "avg": 0.2987736842105263,
            "max": 0.6161,
            "med": 0.2552,
            "min": 0.1737,
            "p(90)": 0.43232,
            "p(95)": 0.5069299999999998
        },
        "http_req_tls_handshaking": {
            "avg": 1511.3758263157895,
            "max": 6308.6646,
            "med": 574.3738,
            "min": 0,
            "p(90)": 3972.1329999999994,
            "p(95)": 4763.016119999997
        },
        "http_req_waiting": {
            "avg": 724.0852631578947,
            "max": 2439.7743,
            "med": 322.6166,
            "min": 281.0297,
            "p(90)": 1533.2393599999991,
            "p(95)": 2426.2679099999996
        },
        "http_reqs": {
            "count": 19,
            "rate": 1.4947407703336943
        },
        "iteration_duration": {
            "avg": 3818.016952631579,
            "max": 12498.4428,
            "med": 2459.5675,
            "min": 307.8782,
            "p(90)": 8301.982139999998,
            "p(95)": 9777.820469999993
        },
        "iterations": {
            "count": 19,
            "rate": 1.4947407703336943
        },
        "vus": {
            "max": 10,
            "min": 10,
            "value": 10
        },
        "vus_max": {
            "max": 10,
            "min": 10,
            "value": 10
        }
    },
    "root_group": {
        "name": "",
        "path": "",
        "id": "d41d8cd98f00b204e9800998ecf8427e",
        "groups": {},
        "checks": {
            "is status 200": {
                "name": "is status 200",
                "path": "::is status 200",
                "id": "548d37ca5f33793206f7832e7cea54fb",
                "passes": 19,
                "fails": 0
            },
            "no error in body": {
                "name": "no error in body",
                "path": "::no error in body",
                "id": "2304d1de9b435292b5c06f40b4167043",
                "passes": 0,
                "fails": 19
            }
        }
    }
}
