{
    "metrics": {
        "checks": {
            "fails": 15,
            "passes": 15,
            "value": 0
        },
        "data_received": {
            "count": 49973,
            "rate": 1804.582751131236
        },
        "data_sent": {
            "count": 8505,
            "rate": 307.12537366920463
        },
        "dropped_iterations": {
            "count": 236,
            "rate": 8.522232590938541
        },
        "http_req_blocked": {
            "avg": 4997.07726,
            "max": 22749.6612,
            "med": 4002.4909,
            "min": 0.0494,
            "p(90)": 11721.095479999996,
            "p(95)": 16764.17987999999
        },
        "http_req_connecting": {
            "avg": 2544.46394,
            "max": 19894.3125,
            "med": 316.8928,
            "min": 0,
            "p(90)": 4644.080239999999,
            "p(95)": 9784.899549999984
        },
        "http_req_duration": {
            "avg": 2923.4165799999996,
            "max": 23456.498,
            "med": 333.7972,
            "min": 310.6445,
            "p(90)": 5588.67098,
            "p(95)": 11398.361349999981
        },
        "http_req_receiving": {
            "avg": 0.43012666666666666,
            "max": 0.8516,
            "med": 0.3712,
            "min": 0.2119,
            "p(90)": 0.6573599999999999,
            "p(95)": 0.7388999999999998
        },
        "http_req_sending": {
            "avg": 0.3774666666666666,
            "max": 0.7675,
            "med": 0.3215,
            "min": 0.1204,
            "p(90)": 0.59332,
            "p(95)": 0.6551499999999998
        },
        "http_req_tls_handshaking": {
            "avg": 2437.57184,
            "max": 13880.5325,
            "med": 1877.6911,
            "min": 0,
            "p(90)": 4477.2027,
            "p(95)": 7565.198019999991
        },
        "http_req_waiting": {
            "avg": 2922.6089866666666,
            "max": 23455.42,
            "med": 332.9862,
            "min": 310.1173,
            "p(90)": 5587.85834,
            "p(95)": 11397.38764999998
        },
        "http_reqs": {
            "count": 15,
            "rate": 0.5416673256952462
        },
        "iteration_duration": {
            "avg": 7923.704086666667,
            "max": 27494.1856,
            "med": 6231.4579,
            "min": 319.6265,
            "p(90)": 19649.927559999996,
            "p(95)": 24390.910599999996
        },
        "iterations": {
            "count": 15,
            "rate": 0.5416673256952462
        },
        "vus": {
            "max": 10,
            "min": 10,
            "value": 10
        },
        "vus_max": {
            "max": 10,
            "min": 10,
            "value": 10
        }
    },
    "root_group": {
        "name": "",
        "path": "",
        "id": "d41d8cd98f00b204e9800998ecf8427e",
        "groups": {},
        "checks": {
            "is status 200": {
                "name": "is status 200",
                "path": "::is status 200",
                "id": "548d37ca5f33793206f7832e7cea54fb",
                "passes": 15,
                "fails": 0
            },
            "no error in body": {
                "name": "no error in body",
                "path": "::no error in body",
                "id": "2304d1de9b435292b5c06f40b4167043",
                "passes": 0,
                "fails": 15
            }
        }
    }
}
