{
    "metrics": {
        "checks": {
            "fails": 0,
            "passes": 296,
            "value": 0
        },
        "data_received": {
            "count": 95137,
            "rate": 18266.98908515865
        },
        "data_sent": {
            "count": 46884,
            "rate": 9002.065613468767
        },
        "dropped_iterations": {
            "count": 2352,
            "rate": 451.6009368415353
        },
        "http_req_blocked": {
            "avg": 69.637152027027,
            "max": 1038.9314,
            "med": 0.03955,
            "min": 0.0203,
            "p(90)": 0.09683000000000043,
            "p(95)": 1026.1422949999999
        },
        "http_req_connecting": {
            "avg": 16.832368243243245,
            "max": 265.5621,
            "med": 0,
            "min": 0,
            "p(90)": 0,
            "p(95)": 242.51493500000004
        },
        "http_req_duration": {
            "avg": 272.8951979729728,
            "max": 369.4722,
            "med": 263.9126,
            "min": 218.0396,
            "p(90)": 306.74297,
            "p(95)": 307.282175
        },
        "http_req_receiving": {
            "avg": 0.2218682432432433,
            "max": 0.9282,
            "med": 0.1842,
            "min": 0.0534,
            "p(90)": 0.36018,
            "p(95)": 0.4720750000000001
        },
        "http_req_sending": {
            "avg": 0.17223040540540532,
            "max": 1.1753,
            "med": 0.13574999999999998,
            "min": 0.059,
            "p(90)": 0.2755,
            "p(95)": 0.35187000000000007
        },
        "http_req_tls_handshaking": {
            "avg": 48.44663918918919,
            "max": 725.1755,
            "med": 0,
            "min": 0,
            "p(90)": 0,
            "p(95)": 709.755385
        },
        "http_req_waiting": {
            "avg": 272.5010993243243,
            "max": 369.2437,
            "med": 263.63495,
            "min": 217.7977,
            "p(90)": 306.23306,
            "p(95)": 306.898055
        },
        "http_reqs": {
            "count": 148,
            "rate": 28.417065753634024
        },
        "iteration_duration": {
            "avg": 345.42448918918905,
            "max": 1347.244,
            "med": 266.1094,
            "min": 250.354,
            "p(90)": 337.3644,
            "p(95)": 1333.56307
        },
        "iterations": {
            "count": 148,
            "rate": 28.417065753634024
        },
        "vus": {
            "max": 10,
            "min": 10,
            "value": 10
        },
        "vus_max": {
            "max": 10,
            "min": 10,
            "value": 10
        }
    },
    "root_group": {
        "name": "",
        "path": "",
        "id": "d41d8cd98f00b204e9800998ecf8427e",
        "groups": {},
        "checks": {
            "is status 200": {
                "name": "is status 200",
                "path": "::is status 200",
                "id": "548d37ca5f33793206f7832e7cea54fb",
                "passes": 148,
                "fails": 0
            },
            "no error in body": {
                "name": "no error in body",
                "path": "::no error in body",
                "id": "2304d1de9b435292b5c06f40b4167043",
                "passes": 148,
                "fails": 0
            }
        }
    }
}
