{
    "metrics": {
        "checks": {
            "fails": 35,
            "passes": 29,
            "value": 0
        },
        "data_received": {
            "count": 42947,
            "rate": 1227.6025666775179
        },
        "data_sent": {
            "count": 11542,
            "rate": 329.9180111437798
        },
        "dropped_iterations": {
            "count": 218,
            "rate": 6.231340012939178
        },
        "http_req_blocked": {
            "avg": 583.83055625,
            "max": 8651.9389,
            "med": 0.06534999999999999,
            "min": 0,
            "p(90)": 2042.19471,
            "p(95)": 2470.6762549999994
        },
        "http_req_connecting": {
            "avg": 184.43210625,
            "max": 2340.1296,
            "med": 0,
            "min": 0,
            "p(90)": 308.27806,
            "p(95)": 1222.4471349999985
        },
        "http_req_duration": {
            "avg": 527.935715625,
            "max": 2028.3428,
            "med": 320.55215,
            "min": 0,
            "p(90)": 1259.6096,
            "p(95)": 1844.00301
        },
        "http_req_receiving": {
            "avg": 0.381221875,
            "max": 1.2449,
            "med": 0.30765,
            "min": 0,
            "p(90)": 0.6851700000000001,
            "p(95)": 0.9414349999999997
        },
        "http_req_sending": {
            "avg": 0.28103437499999995,
            "max": 1.8451,
            "med": 0.2377,
            "min": 0,
            "p(90)": 0.36880000000000007,
            "p(95)": 0.39353
        },
        "http_req_tls_handshaking": {
            "avg": 395.540396875,
            "max": 6312.2379,
            "med": 0,
            "min": 0,
            "p(90)": 1576.6747600000022,
            "p(95)": 1694.31902
        },
        "http_req_waiting": {
            "avg": 527.2734593750001,
            "max": 2027.4191,
            "med": 318.87604999999996,
            "min": 0,
            "p(90)": 1259.0829200000003,
            "p(95)": 1843.0803849999998
        },
        "http_reqs": {
            "count": 32,
            "rate": 0.914692111991072
        },
        "iteration_duration": {
            "avg": 3934.701896875,
            "max": 30089.421,
            "med": 329.8346,
            "min": 308.5469,
            "p(90)": 9428.58368000001,
            "p(95)": 30003.629735
        },
        "iterations": {
            "count": 32,
            "rate": 0.914692111991072
        },
        "vus": {
            "max": 10,
            "min": 10,
            "value": 10
        },
        "vus_max": {
            "max": 10,
            "min": 10,
            "value": 10
        }
    },
    "root_group": {
        "name": "",
        "path": "",
        "id": "d41d8cd98f00b204e9800998ecf8427e",
        "groups": {},
        "checks": {
            "is status 200": {
                "name": "is status 200",
                "path": "::is status 200",
                "id": "548d37ca5f33793206f7832e7cea54fb",
                "passes": 29,
                "fails": 3
            },
            "no error in body": {
                "name": "no error in body",
                "path": "::no error in body",
                "id": "2304d1de9b435292b5c06f40b4167043",
                "passes": 0,
                "fails": 32
            }
        }
    }
}
