{
    "metrics": {
        "checks": {
            "fails": 9,
            "passes": 9,
            "value": 0
        },
        "data_received": {
            "count": 44305,
            "rate": 1264.9881610470375
        },
        "data_sent": {
            "count": 6669,
            "rate": 190.412053854479
        },
        "dropped_iterations": {
            "count": 240,
            "rate": 6.852435586306037
        },
        "http_req_blocked": {
            "avg": 14219.344844444444,
            "max": 32086.0962,
            "med": 12234.6103,
            "min": 6212.0359,
            "p(90)": 22713.07612,
            "p(95)": 27399.586159999995
        },
        "http_req_connecting": {
            "avg": 6676.9038666666665,
            "max": 19741.366,
            "med": 346.52,
            "min": 309.6811,
            "p(90)": 19737.236080000002,
            "p(95)": 19739.301040000002
        },
        "http_req_duration": {
            "avg": 2545.759177777778,
            "max": 12408.397,
            "med": 342.0483,
            "min": 296.1812,
            "p(90)": 6095.233800000002,
            "p(95)": 9251.815399999998
        },
        "http_req_receiving": {
            "avg": 267.72184444444446,
            "max": 2406.8281,
            "med": 0.3246,
            "min": 0.2267,
            "p(90)": 481.7314600000004,
            "p(95)": 1444.2797799999992
        },
        "http_req_sending": {
            "avg": 0.4024888888888889,
            "max": 0.6539,
            "med": 0.3377,
            "min": 0.2454,
            "p(90)": 0.6391,
            "p(95)": 0.6465
        },
        "http_req_tls_handshaking": {
            "avg": 7526.863544444445,
            "max": 31771.3086,
            "med": 5902.0076,
            "min": 574.819,
            "p(90)": 16951.427000000003,
            "p(95)": 24361.367799999993
        },
        "http_req_waiting": {
            "avg": 2277.6348444444448,
            "max": 10001.0231,
            "med": 341.3426,
            "min": 295.5213,
            "p(90)": 5613.294860000001,
            "p(95)": 7807.158979999998
        },
        "http_reqs": {
            "count": 9,
            "rate": 0.25696633448647643
        },
        "iteration_duration": {
            "avg": 16800.38228888889,
            "max": 32443.2374,
            "med": 12584.283,
            "min": 6543.514,
            "p(90)": 27336.31468,
            "p(95)": 29889.776039999997
        },
        "iterations": {
            "count": 9,
            "rate": 0.25696633448647643
        },
        "vus": {
            "max": 10,
            "min": 10,
            "value": 10
        },
        "vus_max": {
            "max": 10,
            "min": 10,
            "value": 10
        }
    },
    "root_group": {
        "name": "",
        "path": "",
        "id": "d41d8cd98f00b204e9800998ecf8427e",
        "groups": {},
        "checks": {
            "is status 200": {
                "name": "is status 200",
                "path": "::is status 200",
                "id": "548d37ca5f33793206f7832e7cea54fb",
                "passes": 9,
                "fails": 0
            },
            "no error in body": {
                "name": "no error in body",
                "path": "::no error in body",
                "id": "2304d1de9b435292b5c06f40b4167043",
                "passes": 0,
                "fails": 9
            }
        }
    }
}
