{
    "metrics": {
        "checks": {
            "fails": 0,
            "passes": 260,
            "value": 0
        },
        "data_received": {
            "count": 88816,
            "rate": 17536.19154537826
        },
        "data_sent": {
            "count": 41700,
            "rate": 8233.417260879498
        },
        "dropped_iterations": {
            "count": 2370,
            "rate": 467.9424198629355
        },
        "http_req_blocked": {
            "avg": 80.32265076923078,
            "max": 1054.0922,
            "med": 0.0407,
            "min": 0.0208,
            "p(90)": 0.11535000000000016,
            "p(95)": 1041.54913
        },
        "http_req_connecting": {
            "avg": 27.06568307692308,
            "max": 354.268,
            "med": 0,
            "min": 0,
            "p(90)": 0,
            "p(95)": 350.0251
        },
        "http_req_duration": {
            "avg": 296.59188307692307,
            "max": 308.7039,
            "med": 296.9749,
            "min": 267.1789,
            "p(90)": 304.75195,
            "p(95)": 306.24873499999995
        },
        "http_req_receiving": {
            "avg": 0.2209476923076924,
            "max": 1.7511,
            "med": 0.1492,
            "min": 0.0729,
            "p(90)": 0.31369000000000014,
            "p(95)": 0.6659199999999997
        },
        "http_req_sending": {
            "avg": 0.15791538461538454,
            "max": 1.7627,
            "med": 0.1274,
            "min": 0.0369,
            "p(90)": 0.23695000000000005,
            "p(95)": 0.3654
        },
        "http_req_tls_handshaking": {
            "avg": 48.054089999999995,
            "max": 629.9823,
            "med": 0,
            "min": 0,
            "p(90)": 0,
            "p(95)": 623.708985
        },
        "http_req_waiting": {
            "avg": 296.2130200000001,
            "max": 308.4041,
            "med": 296.7322,
            "min": 267.0368,
            "p(90)": 304.25003000000004,
            "p(95)": 305.80106
        },
        "http_reqs": {
            "count": 130,
            "rate": 25.66772767180659
        },
        "iteration_duration": {
            "avg": 378.63851307692306,
            "max": 1351.6792,
            "med": 298.69565,
            "min": 285.6843,
            "p(90)": 308.15175000000005,
            "p(95)": 1336.69639
        },
        "iterations": {
            "count": 130,
            "rate": 25.66772767180659
        },
        "vus": {
            "max": 10,
            "min": 10,
            "value": 10
        },
        "vus_max": {
            "max": 10,
            "min": 10,
            "value": 10
        }
    },
    "root_group": {
        "name": "",
        "path": "",
        "id": "d41d8cd98f00b204e9800998ecf8427e",
        "groups": {},
        "checks": {
            "is status 200": {
                "name": "is status 200",
                "path": "::is status 200",
                "id": "548d37ca5f33793206f7832e7cea54fb",
                "passes": 130,
                "fails": 0
            },
            "no error in body": {
                "name": "no error in body",
                "path": "::no error in body",
                "id": "2304d1de9b435292b5c06f40b4167043",
                "passes": 130,
                "fails": 0
            }
        }
    }
}
