{
    "metrics": {
        "checks": {
            "fails": 17,
            "passes": 17,
            "value": 0
        },
        "data_received": {
            "count": 50634,
            "rate": 4355.002191434626
        },
        "data_sent": {
            "count": 9075,
            "rate": 780.5357050059097
        },
        "dropped_iterations": {
            "count": 234,
            "rate": 20.12620991420197
        },
        "http_req_blocked": {
            "avg": 3340.3483294117646,
            "max": 11078.8905,
            "med": 4085.8973,
            "min": 0.0277,
            "p(90)": 7668.4758600000005,
            "p(95)": 10182.345059999998
        },
        "http_req_connecting": {
            "avg": 908.9346235294119,
            "max": 4443.2781,
            "med": 315.057,
            "min": 0,
            "p(90)": 2165.1822600000005,
            "p(95)": 3612.2948999999994
        },
        "http_req_duration": {
            "avg": 791.2318823529413,
            "max": 3075.6173,
            "med": 351.32,
            "min": 313.4377,
            "p(90)": 1227.9363799999999,
            "p(95)": 1604.8089799999987
        },
        "http_req_receiving": {
            "avg": 0.33742941176470587,
            "max": 0.7008,
            "med": 0.2818,
            "min": 0.2099,
            "p(90)": 0.5952000000000001,
            "p(95)": 0.6602399999999999
        },
        "http_req_sending": {
            "avg": 0.42748823529411756,
            "max": 1.7348,
            "med": 0.3018,
            "min": 0.0996,
            "p(90)": 0.8174000000000003,
            "p(95)": 1.3191199999999996
        },
        "http_req_tls_handshaking": {
            "avg": 2410.034158823529,
            "max": 9730.1858,
            "med": 1607.2549,
            "min": 0,
            "p(90)": 6245.575340000002,
            "p(95)": 9637.3622
        },
        "http_req_waiting": {
            "avg": 790.4669647058823,
            "max": 3075.2192,
            "med": 350.7343,
            "min": 312.9141,
            "p(90)": 1227.16228,
            "p(95)": 1603.9737599999987
        },
        "http_reqs": {
            "count": 17,
            "rate": 1.4621605493223653
        },
        "iteration_duration": {
            "avg": 4132.293535294118,
            "max": 11446.8052,
            "med": 4400.139,
            "min": 329.7927,
            "p(90)": 7985.695300000001,
            "p(95)": 10510.31368
        },
        "iterations": {
            "count": 17,
            "rate": 1.4621605493223653
        },
        "vus": {
            "max": 10,
            "min": 10,
            "value": 10
        },
        "vus_max": {
            "max": 10,
            "min": 10,
            "value": 10
        }
    },
    "root_group": {
        "name": "",
        "path": "",
        "id": "d41d8cd98f00b204e9800998ecf8427e",
        "groups": {},
        "checks": {
            "is status 200": {
                "name": "is status 200",
                "path": "::is status 200",
                "id": "548d37ca5f33793206f7832e7cea54fb",
                "passes": 17,
                "fails": 0
            },
            "no error in body": {
                "name": "no error in body",
                "path": "::no error in body",
                "id": "2304d1de9b435292b5c06f40b4167043",
                "passes": 0,
                "fails": 17
            }
        }
    }
}
