{
    "metrics": {
        "checks": {
            "fails": 0,
            "passes": 252,
            "value": 0
        },
        "data_received": {
            "count": 88726,
            "rate": 15720.936944169925
        },
        "data_sent": {
            "count": 40548,
            "rate": 7184.506809866354
        },
        "dropped_iterations": {
            "count": 2375,
            "rate": 420.8149273313749
        },
        "http_req_blocked": {
            "avg": 99.22846349206354,
            "max": 1265.6176,
            "med": 0.0361,
            "min": 0.0234,
            "p(90)": 0.10800000000000001,
            "p(95)": 1244.5448000000001
        },
        "http_req_connecting": {
            "avg": 21.58967698412698,
            "max": 280.8452,
            "med": 0,
            "min": 0,
            "p(90)": 0,
            "p(95)": 268.55134999999996
        },
        "http_req_duration": {
            "avg": 309.40166666666676,
            "max": 1034.4293,
            "med": 290.71985,
            "min": 275.0958,
            "p(90)": 347.25925,
            "p(95)": 373.86647500000004
        },
        "http_req_receiving": {
            "avg": 0.30142063492063487,
            "max": 4.7821,
            "med": 0.1934,
            "min": 0.0813,
            "p(90)": 0.42035,
            "p(95)": 0.692075
        },
        "http_req_sending": {
            "avg": 0.14595714285714284,
            "max": 0.6947,
            "med": 0.125,
            "min": 0.0607,
            "p(90)": 0.22355,
            "p(95)": 0.2669
        },
        "http_req_tls_handshaking": {
            "avg": 58.99277142857142,
            "max": 747.1799,
            "med": 0,
            "min": 0,
            "p(90)": 0,
            "p(95)": 742.8149000000001
        },
        "http_req_waiting": {
            "avg": 308.9542888888889,
            "max": 1033.7871,
            "med": 290.172,
            "min": 274.8491,
            "p(90)": 346.946,
            "p(95)": 373.515625
        },
        "http_reqs": {
            "count": 126,
            "rate": 22.325339302632944
        },
        "iteration_duration": {
            "avg": 411.9725055555556,
            "max": 1563.6177,
            "med": 293.39585,
            "min": 275.4965,
            "p(90)": 441.9549,
            "p(95)": 1527.82115
        },
        "iterations": {
            "count": 126,
            "rate": 22.325339302632944
        },
        "vus": {
            "max": 10,
            "min": 10,
            "value": 10
        },
        "vus_max": {
            "max": 10,
            "min": 10,
            "value": 10
        }
    },
    "root_group": {
        "name": "",
        "path": "",
        "id": "d41d8cd98f00b204e9800998ecf8427e",
        "groups": {},
        "checks": {
            "is status 200": {
                "name": "is status 200",
                "path": "::is status 200",
                "id": "548d37ca5f33793206f7832e7cea54fb",
                "passes": 126,
                "fails": 0
            },
            "no error in body": {
                "name": "no error in body",
                "path": "::no error in body",
                "id": "2304d1de9b435292b5c06f40b4167043",
                "passes": 126,
                "fails": 0
            }
        }
    }
}
