{
    "metrics": {
        "checks": {
            "fails": 0,
            "passes": 200,
            "value": 0
        },
        "data_received": {
            "count": 79064,
            "rate": 14593.017529782943
        },
        "data_sent": {
            "count": 32730,
            "rate": 6041.048565083928
        },
        "dropped_iterations": {
            "count": 2401,
            "rate": 443.15788587737586
        },
        "http_req_blocked": {
            "avg": 125.18449599999998,
            "max": 1260.2001,
            "med": 0.0401,
            "min": 0.0261,
            "p(90)": 124.4152900000106,
            "p(95)": 1251.29473
        },
        "http_req_connecting": {
            "avg": 34.400003,
            "max": 345.5307,
            "med": 0,
            "min": 0,
            "p(90)": 34.25933000000292,
            "p(95)": 343.69417999999996
        },
        "http_req_duration": {
            "avg": 401.59788800000007,
            "max": 422.3494,
            "med": 403.06125,
            "min": 376.5429,
            "p(90)": 409.96411,
            "p(95)": 411.722265
        },
        "http_req_receiving": {
            "avg": 0.26475800000000005,
            "max": 2.0459,
            "med": 0.1717,
            "min": 0.082,
            "p(90)": 0.4849,
            "p(95)": 0.7551649999999992
        },
        "http_req_sending": {
            "avg": 0.21844799999999995,
            "max": 1.5783,
            "med": 0.14245,
            "min": 0.0879,
            "p(90)": 0.38618000000000013,
            "p(95)": 0.5715099999999999
        },
        "http_req_tls_handshaking": {
            "avg": 81.987507,
            "max": 821.0355,
            "med": 0,
            "min": 0,
            "p(90)": 81.91414000000698,
            "p(95)": 819.443915
        },
        "http_req_waiting": {
            "avg": 401.1146819999999,
            "max": 421.8754,
            "med": 402.76655,
            "min": 376.2681,
            "p(90)": 409.40375,
            "p(95)": 411.17387
        },
        "http_reqs": {
            "count": 100,
            "rate": 18.45722140263956
        },
        "iteration_duration": {
            "avg": 527.3524960000001,
            "max": 1669.89,
            "med": 403.58635,
            "min": 377.1011,
            "p(90)": 545.9584400000105,
            "p(95)": 1661.0057000000002
        },
        "iterations": {
            "count": 100,
            "rate": 18.45722140263956
        },
        "vus": {
            "max": 10,
            "min": 10,
            "value": 10
        },
        "vus_max": {
            "max": 10,
            "min": 10,
            "value": 10
        }
    },
    "root_group": {
        "name": "",
        "path": "",
        "id": "d41d8cd98f00b204e9800998ecf8427e",
        "groups": {},
        "checks": {
            "is status 200": {
                "name": "is status 200",
                "path": "::is status 200",
                "id": "548d37ca5f33793206f7832e7cea54fb",
                "passes": 100,
                "fails": 0
            },
            "no error in body": {
                "name": "no error in body",
                "path": "::no error in body",
                "id": "2304d1de9b435292b5c06f40b4167043",
                "passes": 100,
                "fails": 0
            }
        }
    }
}
