{
    "metrics": {
        "checks": {
            "fails": 0,
            "passes": 142,
            "value": 0
        },
        "data_received": {
            "count": 68276,
            "rate": 7179.7706208615045
        },
        "data_sent": {
            "count": 24465,
            "rate": 2572.6915495837
        },
        "dropped_iterations": {
            "count": 2430,
            "rate": 255.5340472302633
        },
        "http_req_blocked": {
            "avg": 413.1168774647888,
            "max": 9105.1058,
            "med": 0.0412,
            "min": 0.0193,
            "p(90)": 1211.3116,
            "p(95)": 2089.0809
        },
        "http_req_connecting": {
            "avg": 50.83792253521127,
            "max": 363.0317,
            "med": 0,
            "min": 0,
            "p(90)": 358.3278,
            "p(95)": 362.76445
        },
        "http_req_duration": {
            "avg": 399.0660436619717,
            "max": 1487.4215,
            "med": 306.3976,
            "min": 296.0735,
            "p(90)": 690.2718,
            "p(95)": 1183.2915
        },
        "http_req_receiving": {
            "avg": 43.84683802816901,
            "max": 1178.2472,
            "med": 0.2205,
            "min": 0.0977,
            "p(90)": 0.6956,
            "p(95)": 2.6372
        },
        "http_req_sending": {
            "avg": 0.1855859154929577,
            "max": 0.7667,
            "med": 0.1501,
            "min": 0.0728,
            "p(90)": 0.3251,
            "p(95)": 0.41355
        },
        "http_req_tls_handshaking": {
            "avg": 351.48687746478873,
            "max": 8669.6217,
            "med": 0,
            "min": 0,
            "p(90)": 767.5969,
            "p(95)": 1650.1349
        },
        "http_req_waiting": {
            "avg": 355.03361971830986,
            "max": 1487.0308,
            "med": 305.8331,
            "min": 294.1717,
            "p(90)": 325.4001,
            "p(95)": 693.0182
        },
        "http_reqs": {
            "count": 71,
            "rate": 7.466221133065306
        },
        "iteration_duration": {
            "avg": 812.8741985915493,
            "max": 9421.3565,
            "med": 309.0753,
            "min": 296.7559,
            "p(90)": 1530.0542,
            "p(95)": 2864.4924499999997
        },
        "iterations": {
            "count": 71,
            "rate": 7.466221133065306
        },
        "vus": {
            "max": 10,
            "min": 10,
            "value": 10
        },
        "vus_max": {
            "max": 10,
            "min": 10,
            "value": 10
        }
    },
    "root_group": {
        "name": "",
        "path": "",
        "id": "d41d8cd98f00b204e9800998ecf8427e",
        "groups": {},
        "checks": {
            "is status 200": {
                "name": "is status 200",
                "path": "::is status 200",
                "id": "548d37ca5f33793206f7832e7cea54fb",
                "passes": 71,
                "fails": 0
            },
            "no error in body": {
                "name": "no error in body",
                "path": "::no error in body",
                "id": "2304d1de9b435292b5c06f40b4167043",
                "passes": 71,
                "fails": 0
            }
        }
    }
}
