{
    "metrics": {
        "checks": {
            "fails": 0,
            "passes": 258,
            "value": 0
        },
        "data_received": {
            "count": 90055,
            "rate": 16892.940084771777
        },
        "data_sent": {
            "count": 41412,
            "rate": 7768.257562495905
        },
        "dropped_iterations": {
            "count": 2371,
            "rate": 444.76332175885716
        },
        "http_req_blocked": {
            "avg": 99.27856046511619,
            "max": 1289.6549,
            "med": 0.0392,
            "min": 0.0259,
            "p(90)": 0.1111200000000001,
            "p(95)": 1276.17818
        },
        "http_req_connecting": {
            "avg": 25.868984496124025,
            "max": 334.5307,
            "med": 0,
            "min": 0,
            "p(90)": 0,
            "p(95)": 333.33774
        },
        "http_req_duration": {
            "avg": 296.1285860465115,
            "max": 456.898,
            "med": 296.3033,
            "min": 274.7886,
            "p(90)": 305.44592,
            "p(95)": 306.59488
        },
        "http_req_receiving": {
            "avg": 0.31142015503875975,
            "max": 4.1837,
            "med": 0.1603,
            "min": 0.0809,
            "p(90)": 0.5756600000000002,
            "p(95)": 0.9817799999999991
        },
        "http_req_sending": {
            "avg": 0.16087519379844956,
            "max": 0.7326,
            "med": 0.1242,
            "min": 0.0611,
            "p(90)": 0.27624000000000004,
            "p(95)": 0.3440399999999999
        },
        "http_req_tls_handshaking": {
            "avg": 55.87862403100775,
            "max": 721.7842,
            "med": 0,
            "min": 0,
            "p(90)": 0,
            "p(95)": 720.23816
        },
        "http_req_waiting": {
            "avg": 295.6562906976745,
            "max": 456.1932,
            "med": 295.854,
            "min": 274.3743,
            "p(90)": 304.9996,
            "p(95)": 306.3055
        },
        "http_reqs": {
            "count": 129,
            "rate": 24.19842619438742
        },
        "iteration_duration": {
            "avg": 395.94429689922487,
            "max": 1595.1134,
            "med": 296.9091,
            "min": 275.5911,
            "p(90)": 310.85152000000005,
            "p(95)": 1580.7459000000001
        },
        "iterations": {
            "count": 129,
            "rate": 24.19842619438742
        },
        "vus": {
            "max": 10,
            "min": 10,
            "value": 10
        },
        "vus_max": {
            "max": 10,
            "min": 10,
            "value": 10
        }
    },
    "root_group": {
        "name": "",
        "path": "",
        "id": "d41d8cd98f00b204e9800998ecf8427e",
        "groups": {},
        "checks": {
            "is status 200": {
                "name": "is status 200",
                "path": "::is status 200",
                "id": "548d37ca5f33793206f7832e7cea54fb",
                "passes": 129,
                "fails": 0
            },
            "no error in body": {
                "name": "no error in body",
                "path": "::no error in body",
                "id": "2304d1de9b435292b5c06f40b4167043",
                "passes": 129,
                "fails": 0
            }
        }
    }
}
