{
    "metrics": {
        "checks": {
            "fails": 0,
            "passes": 264,
            "value": 0
        },
        "data_received": {
            "count": 90527,
            "rate": 17068.377284085887
        },
        "data_sent": {
            "count": 41850,
            "rate": 7890.59163938929
        },
        "dropped_iterations": {
            "count": 2368,
            "rate": 446.4736201212387
        },
        "http_req_blocked": {
            "avg": 80.48509242424244,
            "max": 1076.4737,
            "med": 0.0397,
            "min": 0.019,
            "p(90)": 0.15276000000000006,
            "p(95)": 1055.28182
        },
        "http_req_connecting": {
            "avg": 24.149498484848483,
            "max": 321.9139,
            "med": 0,
            "min": 0,
            "p(90)": 0,
            "p(95)": 315.55399
        },
        "http_req_duration": {
            "avg": 307.345759848485,
            "max": 1115.687,
            "med": 280.56785,
            "min": 256.4061,
            "p(90)": 345.53805000000006,
            "p(95)": 363.884775
        },
        "http_req_receiving": {
            "avg": 6.317016666666668,
            "max": 798.0286,
            "med": 0.1775,
            "min": 0.0838,
            "p(90)": 0.51697,
            "p(95)": 0.6882199999999995
        },
        "http_req_sending": {
            "avg": 0.16920606060606058,
            "max": 1.054,
            "med": 0.13445000000000001,
            "min": 0.0568,
            "p(90)": 0.29710000000000003,
            "p(95)": 0.35730499999999993
        },
        "http_req_tls_handshaking": {
            "avg": 50.44042045454545,
            "max": 671.5666,
            "med": 0,
            "min": 0,
            "p(90)": 0,
            "p(95)": 663.62748
        },
        "http_req_waiting": {
            "avg": 300.85953712121227,
            "max": 928.0477,
            "med": 279.32745,
            "min": 256.0261,
            "p(90)": 334.47536,
            "p(95)": 360.1821299999999
        },
        "http_reqs": {
            "count": 132,
            "rate": 24.88788760810959
        },
        "iteration_duration": {
            "avg": 388.4699659090911,
            "max": 1403.1426,
            "med": 281.12745,
            "min": 256.9002,
            "p(90)": 562.7617800000012,
            "p(95)": 1389.83924
        },
        "iterations": {
            "count": 132,
            "rate": 24.88788760810959
        },
        "vus": {
            "max": 10,
            "min": 10,
            "value": 10
        },
        "vus_max": {
            "max": 10,
            "min": 10,
            "value": 10
        }
    },
    "root_group": {
        "name": "",
        "path": "",
        "id": "d41d8cd98f00b204e9800998ecf8427e",
        "groups": {},
        "checks": {
            "is status 200": {
                "name": "is status 200",
                "path": "::is status 200",
                "id": "548d37ca5f33793206f7832e7cea54fb",
                "passes": 132,
                "fails": 0
            },
            "no error in body": {
                "name": "no error in body",
                "path": "::no error in body",
                "id": "2304d1de9b435292b5c06f40b4167043",
                "passes": 132,
                "fails": 0
            }
        }
    }
}
