{
    "metrics": {
        "checks": {
            "fails": 0,
            "passes": 200,
            "value": 0
        },
        "data_received": {
            "count": 79138,
            "rate": 15394.29163917304
        },
        "data_sent": {
            "count": 32730,
            "rate": 6366.79174796095
        },
        "dropped_iterations": {
            "count": 2401,
            "rate": 467.05368123599874
        },
        "http_req_blocked": {
            "avg": 112.841759,
            "max": 1138.7214,
            "med": 0.0347,
            "min": 0.02,
            "p(90)": 112.00626000000952,
            "p(95)": 1129.929025
        },
        "http_req_connecting": {
            "avg": 29.905015000000002,
            "max": 312.5098,
            "med": 0,
            "min": 0,
            "p(90)": 29.189320000002486,
            "p(95)": 296.64704
        },
        "http_req_duration": {
            "avg": 386.90467500000005,
            "max": 415.4448,
            "med": 398.02750000000003,
            "min": 308.1306,
            "p(90)": 407.92903,
            "p(95)": 409.449365
        },
        "http_req_receiving": {
            "avg": 0.19822700000000004,
            "max": 1.883,
            "med": 0.12245,
            "min": 0.0387,
            "p(90)": 0.33168000000000014,
            "p(95)": 0.5430149999999999
        },
        "http_req_sending": {
            "avg": 0.146763,
            "max": 0.4961,
            "med": 0.12140000000000001,
            "min": 0.0499,
            "p(90)": 0.25353000000000003,
            "p(95)": 0.29001999999999994
        },
        "http_req_tls_handshaking": {
            "avg": 76.92423199999999,
            "max": 771.4158,
            "med": 0,
            "min": 0,
            "p(90)": 76.52859000000652,
            "p(95)": 768.494645
        },
        "http_req_waiting": {
            "avg": 386.559685,
            "max": 415.1429,
            "med": 397.50469999999996,
            "min": 307.8314,
            "p(90)": 407.69015,
            "p(95)": 408.896315
        },
        "http_reqs": {
            "count": 100,
            "rate": 19.452464857809193
        },
        "iteration_duration": {
            "avg": 500.25130599999994,
            "max": 1486.0587,
            "med": 401.18205,
            "min": 308.7947,
            "p(90)": 521.408180000009,
            "p(95)": 1478.5034799999999
        },
        "iterations": {
            "count": 100,
            "rate": 19.452464857809193
        },
        "vus": {
            "max": 10,
            "min": 10,
            "value": 10
        },
        "vus_max": {
            "max": 10,
            "min": 10,
            "value": 10
        }
    },
    "root_group": {
        "name": "",
        "path": "",
        "id": "d41d8cd98f00b204e9800998ecf8427e",
        "groups": {},
        "checks": {
            "is status 200": {
                "name": "is status 200",
                "path": "::is status 200",
                "id": "548d37ca5f33793206f7832e7cea54fb",
                "passes": 100,
                "fails": 0
            },
            "no error in body": {
                "name": "no error in body",
                "path": "::no error in body",
                "id": "2304d1de9b435292b5c06f40b4167043",
                "passes": 100,
                "fails": 0
            }
        }
    }
}
