{
    "metrics": {
        "checks": {
            "fails": 0,
            "passes": 286,
            "value": 0
        },
        "data_received": {
            "count": 94691,
            "rate": 15693.830060947208
        },
        "data_sent": {
            "count": 44985,
            "rate": 7455.692149113539
        },
        "dropped_iterations": {
            "count": 2358,
            "rate": 390.8085381262582
        },
        "http_req_blocked": {
            "avg": 72.25965866433562,
            "max": 1041.722224,
            "med": 0.004402,
            "min": 0.002102,
            "p(90)": 0.010218799999999997,
            "p(95)": 1027.7717940999999
        },
        "http_req_connecting": {
            "avg": 17.679851412587414,
            "max": 259.496865,
            "med": 0,
            "min": 0,
            "p(90)": 0,
            "p(95)": 249.366513
        },
        "http_req_duration": {
            "avg": 291.81498453146855,
            "max": 1110.203885,
            "med": 267.54967,
            "min": 254.189182,
            "p(90)": 307.944921,
            "p(95)": 403.53834580000006
        },
        "http_req_receiving": {
            "avg": 6.121807951048951,
            "max": 843.462768,
            "med": 0.117512,
            "min": 0.025265,
            "p(90)": 0.571449,
            "p(95)": 0.7467541000000002
        },
        "http_req_sending": {
            "avg": 0.12671027272727273,
            "max": 0.733142,
            "med": 0.104706,
            "min": 0.034363,
            "p(90)": 0.2158066,
            "p(95)": 0.27853089999999997
        },
        "http_req_tls_handshaking": {
            "avg": 49.69317490909091,
            "max": 718.314963,
            "med": 0,
            "min": 0,
            "p(90)": 0,
            "p(95)": 704.7606108
        },
        "http_req_waiting": {
            "avg": 285.56646630769234,
            "max": 720.688995,
            "med": 266.836906,
            "min": 253.995553,
            "p(90)": 307.2670346,
            "p(95)": 391.1015346000001
        },
        "http_reqs": {
            "count": 143,
            "rate": 23.700432973729825
        },
        "iteration_duration": {
            "avg": 364.5741312167831,
            "max": 1350.429735,
            "med": 268.155499,
            "min": 254.581576,
            "p(90)": 412.9799372,
            "p(95)": 1335.9768517
        },
        "iterations": {
            "count": 143,
            "rate": 23.700432973729825
        },
        "vus": {
            "max": 10,
            "min": 10,
            "value": 10
        },
        "vus_max": {
            "max": 10,
            "min": 10,
            "value": 10
        }
    },
    "root_group": {
        "name": "",
        "path": "",
        "id": "d41d8cd98f00b204e9800998ecf8427e",
        "groups": {},
        "checks": {
            "is status 200": {
                "name": "is status 200",
                "path": "::is status 200",
                "id": "548d37ca5f33793206f7832e7cea54fb",
                "passes": 143,
                "fails": 0
            },
            "no error in body": {
                "name": "no error in body",
                "path": "::no error in body",
                "id": "2304d1de9b435292b5c06f40b4167043",
                "passes": 143,
                "fails": 0
            }
        }
    }
}
