{
    "metrics": {
        "checks": {
            "fails": 0,
            "passes": 206,
            "value": 0
        },
        "data_received": {
            "count": 80551,
            "rate": 15021.275026919076
        },
        "data_sent": {
            "count": 33585,
            "rate": 6262.982728694581
        },
        "dropped_iterations": {
            "count": 2397,
            "rate": 446.9962662105377
        },
        "http_req_blocked": {
            "avg": 122.9534174757281,
            "max": 1274.116,
            "med": 0.0344,
            "min": 0.0212,
            "p(90)": 0.11959999999999994,
            "p(95)": 1264.5441799999999
        },
        "http_req_connecting": {
            "avg": 36.32923300970874,
            "max": 377.091,
            "med": 0,
            "min": 0,
            "p(90)": 0,
            "p(95)": 374.79749999999996
        },
        "http_req_duration": {
            "avg": 364.9816922330097,
            "max": 412.9845,
            "med": 391.6345,
            "min": 300.258,
            "p(90)": 410.22284,
            "p(95)": 410.79761
        },
        "http_req_receiving": {
            "avg": 0.2197611650485438,
            "max": 1.6594,
            "med": 0.132,
            "min": 0.0464,
            "p(90)": 0.44113999999999987,
            "p(95)": 0.6844399999999994
        },
        "http_req_sending": {
            "avg": 0.16928252427184465,
            "max": 1.3788,
            "med": 0.1235,
            "min": 0.052,
            "p(90)": 0.28883999999999993,
            "p(95)": 0.5183299999999998
        },
        "http_req_tls_handshaking": {
            "avg": 79.33300970873786,
            "max": 819.5568,
            "med": 0,
            "min": 0,
            "p(90)": 0,
            "p(95)": 816.58167
        },
        "http_req_waiting": {
            "avg": 364.5926485436892,
            "max": 412.7486,
            "med": 391.4426,
            "min": 300.0434,
            "p(90)": 409.14696000000004,
            "p(95)": 410.40519
        },
        "http_reqs": {
            "count": 103,
            "rate": 19.207599257273838
        },
        "iteration_duration": {
            "avg": 488.46549029126214,
            "max": 1685.7029,
            "med": 392.0268,
            "min": 300.7191,
            "p(90)": 412.93942,
            "p(95)": 1677.38989
        },
        "iterations": {
            "count": 103,
            "rate": 19.207599257273838
        },
        "vus": {
            "max": 10,
            "min": 10,
            "value": 10
        },
        "vus_max": {
            "max": 10,
            "min": 10,
            "value": 10
        }
    },
    "root_group": {
        "name": "",
        "path": "",
        "id": "d41d8cd98f00b204e9800998ecf8427e",
        "groups": {},
        "checks": {
            "is status 200": {
                "name": "is status 200",
                "path": "::is status 200",
                "id": "548d37ca5f33793206f7832e7cea54fb",
                "passes": 103,
                "fails": 0
            },
            "no error in body": {
                "name": "no error in body",
                "path": "::no error in body",
                "id": "2304d1de9b435292b5c06f40b4167043",
                "passes": 103,
                "fails": 0
            }
        }
    }
}
