{
    "metrics": {
        "checks": {
            "fails": 0,
            "passes": 130,
            "value": 0
        },
        "data_received": {
            "count": 65981,
            "rate": 9789.310030717166
        },
        "data_sent": {
            "count": 22755,
            "rate": 3376.0590131851463
        },
        "dropped_iterations": {
            "count": 2436,
            "rate": 361.4185786033406
        },
        "http_req_blocked": {
            "avg": 192.51663846153852,
            "max": 1864.0823,
            "med": 0.0392,
            "min": 0.0244,
            "p(90)": 1098.94704,
            "p(95)": 1101.5264
        },
        "http_req_connecting": {
            "avg": 42.44404461538461,
            "max": 278.9885,
            "med": 0,
            "min": 0,
            "p(90)": 273.23969999999997,
            "p(95)": 277.68814
        },
        "http_req_duration": {
            "avg": 633.0314876923078,
            "max": 1666.4561,
            "med": 636.1016,
            "min": 268.8437,
            "p(90)": 996.3446200000001,
            "p(95)": 1333.6554399999993
        },
        "http_req_receiving": {
            "avg": 15.577480000000001,
            "max": 990.9559,
            "med": 0.204,
            "min": 0.0728,
            "p(90)": 0.5702200000000002,
            "p(95)": 0.9515399999999992
        },
        "http_req_sending": {
            "avg": 0.17122923076923083,
            "max": 0.5028,
            "med": 0.1472,
            "min": 0.0589,
            "p(90)": 0.295,
            "p(95)": 0.33451999999999993
        },
        "http_req_tls_handshaking": {
            "avg": 136.3148923076923,
            "max": 1493.0508,
            "med": 0,
            "min": 0,
            "p(90)": 731.77458,
            "p(95)": 740.5411399999999
        },
        "http_req_waiting": {
            "avg": 617.2827784615384,
            "max": 1665.9779,
            "med": 612.503,
            "min": 268.2465,
            "p(90)": 953.36126,
            "p(95)": 1123.0167599999997
        },
        "http_reqs": {
            "count": 65,
            "rate": 9.643763386378136
        },
        "iteration_duration": {
            "avg": 826.2377015384615,
            "max": 2473.5904,
            "med": 702.9076,
            "min": 275.1646,
            "p(90)": 1655.4120400000002,
            "p(95)": 1826.81136
        },
        "iterations": {
            "count": 65,
            "rate": 9.643763386378136
        },
        "vus": {
            "max": 10,
            "min": 10,
            "value": 10
        },
        "vus_max": {
            "max": 10,
            "min": 10,
            "value": 10
        }
    },
    "root_group": {
        "name": "",
        "path": "",
        "id": "d41d8cd98f00b204e9800998ecf8427e",
        "groups": {},
        "checks": {
            "is status 200": {
                "name": "is status 200",
                "path": "::is status 200",
                "id": "548d37ca5f33793206f7832e7cea54fb",
                "passes": 65,
                "fails": 0
            },
            "no error in body": {
                "name": "no error in body",
                "path": "::no error in body",
                "id": "2304d1de9b435292b5c06f40b4167043",
                "passes": 65,
                "fails": 0
            }
        }
    }
}
