{
    "metrics": {
        "checks": {
            "fails": 79,
            "passes": 77,
            "value": 0
        },
        "data_received": {
            "count": 140642,
            "rate": 4662.422002564199
        },
        "data_sent": {
            "count": 26010,
            "rate": 862.2573362629571
        },
        "dropped_iterations": {
            "count": 2422,
            "rate": 80.29170582194855
        },
        "http_req_blocked": {
            "avg": 351.1449450897436,
            "max": 17033.016293,
            "med": 0.0048515,
            "min": 0,
            "p(90)": 1140.1873127000001,
            "p(95)": 1151.8273186000001
        },
        "http_req_connecting": {
            "avg": 237.80883611538462,
            "max": 16446.145238,
            "med": 0,
            "min": 0,
            "p(90)": 247.8176354,
            "p(95)": 266.69501175
        },
        "http_req_duration": {
            "avg": 403.12180834615395,
            "max": 2307.012799,
            "med": 281.173863,
            "min": 0,
            "p(90)": 822.9810826999994,
            "p(95)": 1280.4019083
        },
        "http_req_receiving": {
            "avg": 0.43139775641025635,
            "max": 6.201745,
            "med": 0.132914,
            "min": 0,
            "p(90)": 0.9552711999999997,
            "p(95)": 1.5309305999999983
        },
        "http_req_sending": {
            "avg": 0.11669092307692307,
            "max": 0.808443,
            "med": 0.08279149999999999,
            "min": 0,
            "p(90)": 0.1786161,
            "p(95)": 0.22043984999999963
        },
        "http_req_tls_handshaking": {
            "avg": 103.40269285897436,
            "max": 1478.152883,
            "med": 0,
            "min": 0,
            "p(90)": 590.8434385999992,
            "p(95)": 794.8015302499999
        },
        "http_req_waiting": {
            "avg": 402.57371966666665,
            "max": 2304.776294,
            "med": 280.505542,
            "min": 0,
            "p(90)": 822.8085531999996,
            "p(95)": 1280.1746736
        },
        "http_reqs": {
            "count": 78,
            "rate": 2.58577747898926
        },
        "iteration_duration": {
            "avg": 1140.9523893974363,
            "max": 30098.163993,
            "med": 283.012803,
            "min": 256.026782,
            "p(90)": 2192.815775899999,
            "p(95)": 2580.3151808999914
        },
        "iterations": {
            "count": 78,
            "rate": 2.58577747898926
        },
        "vus": {
            "max": 10,
            "min": 10,
            "value": 10
        },
        "vus_max": {
            "max": 10,
            "min": 10,
            "value": 10
        }
    },
    "root_group": {
        "name": "",
        "path": "",
        "id": "d41d8cd98f00b204e9800998ecf8427e",
        "groups": {},
        "checks": {
            "is status 200": {
                "name": "is status 200",
                "path": "::is status 200",
                "id": "548d37ca5f33793206f7832e7cea54fb",
                "passes": 77,
                "fails": 1
            },
            "no error in body": {
                "name": "no error in body",
                "path": "::no error in body",
                "id": "2304d1de9b435292b5c06f40b4167043",
                "passes": 0,
                "fails": 78
            }
        }
    }
}
