{
    "metrics": {
        "checks": {
            "fails": 0,
            "passes": 244,
            "value": 0
        },
        "data_received": {
            "count": 87180,
            "rate": 15496.581171209493
        },
        "data_sent": {
            "count": 39000,
            "rate": 6932.40038629468
        },
        "dropped_iterations": {
            "count": 2379,
            "rate": 422.8764235639755
        },
        "http_req_blocked": {
            "avg": 98.84474672131157,
            "max": 1374.8977,
            "med": 0.04185,
            "min": 0.0264,
            "p(90)": 0.15200000000000002,
            "p(95)": 1186.22184
        },
        "http_req_connecting": {
            "avg": 22.271438524590163,
            "max": 289.199,
            "med": 0,
            "min": 0,
            "p(90)": 0,
            "p(95)": 266.08484
        },
        "http_req_duration": {
            "avg": 324.25063114754107,
            "max": 1224.5073,
            "med": 292.7909,
            "min": 261.2385,
            "p(90)": 371.12096,
            "p(95)": 402.23760999999996
        },
        "http_req_receiving": {
            "avg": 14.521452459016396,
            "max": 932.7888,
            "med": 0.21860000000000002,
            "min": 0.1108,
            "p(90)": 0.4443000000000001,
            "p(95)": 0.55867
        },
        "http_req_sending": {
            "avg": 0.1663229508196722,
            "max": 0.4922,
            "med": 0.15284999999999999,
            "min": 0.0502,
            "p(90)": 0.24224,
            "p(95)": 0.32310999999999973
        },
        "http_req_tls_handshaking": {
            "avg": 68.46430163934426,
            "max": 1012.319,
            "med": 0,
            "min": 0,
            "p(90)": 0,
            "p(95)": 814.83385
        },
        "http_req_waiting": {
            "avg": 309.562855737705,
            "max": 697.6231,
            "med": 292.11490000000003,
            "min": 260.9216,
            "p(90)": 367.07794,
            "p(95)": 396.85992999999974
        },
        "http_reqs": {
            "count": 122,
            "rate": 21.68597043917823
        },
        "iteration_duration": {
            "avg": 423.83220409836053,
            "max": 1663.2424,
            "med": 295.9198,
            "min": 261.9184,
            "p(90)": 695.9350500000002,
            "p(95)": 1476.97183
        },
        "iterations": {
            "count": 122,
            "rate": 21.68597043917823
        },
        "vus": {
            "max": 10,
            "min": 10,
            "value": 10
        },
        "vus_max": {
            "max": 10,
            "min": 10,
            "value": 10
        }
    },
    "root_group": {
        "name": "",
        "path": "",
        "id": "d41d8cd98f00b204e9800998ecf8427e",
        "groups": {},
        "checks": {
            "is status 200": {
                "name": "is status 200",
                "path": "::is status 200",
                "id": "548d37ca5f33793206f7832e7cea54fb",
                "passes": 122,
                "fails": 0
            },
            "no error in body": {
                "name": "no error in body",
                "path": "::no error in body",
                "id": "2304d1de9b435292b5c06f40b4167043",
                "passes": 122,
                "fails": 0
            }
        }
    }
}
