{
    "metrics": {
        "checks": {
            "fails": 0,
            "passes": 222,
            "value": 0
        },
        "data_received": {
            "count": 83565,
            "rate": 15586.882934348734
        },
        "data_sent": {
            "count": 35865,
            "rate": 6689.685352006431
        },
        "dropped_iterations": {
            "count": 2389,
            "rate": 445.6059753504353
        },
        "http_req_blocked": {
            "avg": 111.49602252252257,
            "max": 1246.0771,
            "med": 0.033,
            "min": 0.0204,
            "p(90)": 0.234,
            "p(95)": 1235.0261
        },
        "http_req_connecting": {
            "avg": 26.477435135135135,
            "max": 303.8173,
            "med": 0,
            "min": 0,
            "p(90)": 0,
            "p(95)": 291.153
        },
        "http_req_duration": {
            "avg": 347.19691711711715,
            "max": 3266.1853,
            "med": 307.8472,
            "min": 296.2381,
            "p(90)": 326.9855,
            "p(95)": 411.04269999999997
        },
        "http_req_receiving": {
            "avg": 0.3243837837837838,
            "max": 2.4559,
            "med": 0.2034,
            "min": 0.0657,
            "p(90)": 0.5494,
            "p(95)": 0.8068500000000001
        },
        "http_req_sending": {
            "avg": 0.21960090090090098,
            "max": 1.4011,
            "med": 0.1392,
            "min": 0.0602,
            "p(90)": 0.3931,
            "p(95)": 0.7838499999999999
        },
        "http_req_tls_handshaking": {
            "avg": 79.20022792792794,
            "max": 887.2042,
            "med": 0,
            "min": 0,
            "p(90)": 0,
            "p(95)": 876.62015
        },
        "http_req_waiting": {
            "avg": 346.65293243243207,
            "max": 3265.0458,
            "med": 307.6034,
            "min": 295.1876,
            "p(90)": 326.2623,
            "p(95)": 409.8696
        },
        "http_reqs": {
            "count": 111,
            "rate": 20.704170474633035
        },
        "iteration_duration": {
            "avg": 459.46851711711724,
            "max": 4494.4984,
            "med": 308.7378,
            "min": 296.8368,
            "p(90)": 327.8796,
            "p(95)": 1650.1015
        },
        "iterations": {
            "count": 111,
            "rate": 20.704170474633035
        },
        "vus": {
            "max": 10,
            "min": 10,
            "value": 10
        },
        "vus_max": {
            "max": 10,
            "min": 10,
            "value": 10
        }
    },
    "root_group": {
        "name": "",
        "path": "",
        "id": "d41d8cd98f00b204e9800998ecf8427e",
        "groups": {},
        "checks": {
            "is status 200": {
                "name": "is status 200",
                "path": "::is status 200",
                "id": "548d37ca5f33793206f7832e7cea54fb",
                "passes": 111,
                "fails": 0
            },
            "no error in body": {
                "name": "no error in body",
                "path": "::no error in body",
                "id": "2304d1de9b435292b5c06f40b4167043",
                "passes": 111,
                "fails": 0
            }
        }
    }
}
