{
    "metrics": {
        "checks": {
            "fails": 0,
            "passes": 220,
            "value": 0
        },
        "data_received": {
            "count": 82514,
            "rate": 15485.628940728857
        },
        "data_sent": {
            "count": 35580,
            "rate": 6677.396292885241
        },
        "dropped_iterations": {
            "count": 2391,
            "rate": 448.72553502778555
        },
        "http_req_blocked": {
            "avg": 99.25260727272723,
            "max": 1105.1779,
            "med": 0.0403,
            "min": 0.0266,
            "p(90)": 0.1788300000000028,
            "p(95)": 1090.632955
        },
        "http_req_connecting": {
            "avg": 33.912015454545454,
            "max": 382.5265,
            "med": 0,
            "min": 0,
            "p(90)": 0,
            "p(95)": 372.758695
        },
        "http_req_duration": {
            "avg": 372.9734227272727,
            "max": 415.1746,
            "med": 395.38515,
            "min": 298.8422,
            "p(90)": 408.91347,
            "p(95)": 410.514345
        },
        "http_req_receiving": {
            "avg": 0.2512545454545456,
            "max": 3.3776,
            "med": 0.1721,
            "min": 0.0951,
            "p(90)": 0.3451400000000005,
            "p(95)": 0.4582449999999999
        },
        "http_req_sending": {
            "avg": 0.1610063636363636,
            "max": 0.6943,
            "med": 0.13529999999999998,
            "min": 0.0638,
            "p(90)": 0.2638000000000002,
            "p(95)": 0.3192049999999999
        },
        "http_req_tls_handshaking": {
            "avg": 65.18037636363637,
            "max": 720.8108,
            "med": 0,
            "min": 0,
            "p(90)": 0,
            "p(95)": 716.522465
        },
        "http_req_waiting": {
            "avg": 372.56116181818174,
            "max": 414.8715,
            "med": 395.10315,
            "min": 298.5159,
            "p(90)": 408.53684,
            "p(95)": 409.99957
        },
        "http_reqs": {
            "count": 110,
            "rate": 20.64400202971828
        },
        "iteration_duration": {
            "avg": 472.7780963636363,
            "max": 1421.5828,
            "med": 399.43805,
            "min": 299.2221,
            "p(90)": 413.85316,
            "p(95)": 1397.88237
        },
        "iterations": {
            "count": 110,
            "rate": 20.64400202971828
        },
        "vus": {
            "max": 10,
            "min": 10,
            "value": 10
        },
        "vus_max": {
            "max": 10,
            "min": 10,
            "value": 10
        }
    },
    "root_group": {
        "name": "",
        "path": "",
        "id": "d41d8cd98f00b204e9800998ecf8427e",
        "groups": {},
        "checks": {
            "is status 200": {
                "name": "is status 200",
                "path": "::is status 200",
                "id": "548d37ca5f33793206f7832e7cea54fb",
                "passes": 110,
                "fails": 0
            },
            "no error in body": {
                "name": "no error in body",
                "path": "::no error in body",
                "id": "2304d1de9b435292b5c06f40b4167043",
                "passes": 110,
                "fails": 0
            }
        }
    }
}
