{
    "metrics": {
        "checks": {
            "fails": 8,
            "passes": 20,
            "value": 0
        },
        "data_received": {
            "count": 26333,
            "rate": 751.7662717579888
        },
        "data_sent": {
            "count": 5010,
            "rate": 143.02772268664884
        },
        "dropped_iterations": {
            "count": 2688,
            "rate": 76.73822726181878
        },
        "http_req_blocked": {
            "avg": 1805.9766071428571,
            "max": 20091.2273,
            "med": 0.04035,
            "min": 0,
            "p(90)": 3164.3106000000025,
            "p(95)": 9642.763689999994
        },
        "http_req_connecting": {
            "avg": 782.9191928571428,
            "max": 7368.1109,
            "med": 0,
            "min": 0,
            "p(90)": 2407.4987800000035,
            "p(95)": 4739.554904999999
        },
        "http_req_duration": {
            "avg": 716.8891214285715,
            "max": 3652.8119,
            "med": 328.0767,
            "min": 0,
            "p(90)": 1354.26842,
            "p(95)": 2165.6716999999994
        },
        "http_req_receiving": {
            "avg": 76.99587857142856,
            "max": 1074.7786,
            "med": 0.16995,
            "min": 0,
            "p(90)": 1.1905200000000011,
            "p(95)": 377.16174499999966
        },
        "http_req_sending": {
            "avg": 0.23745,
            "max": 1.1247,
            "med": 0.14955,
            "min": 0,
            "p(90)": 0.4755800000000001,
            "p(95)": 0.7182549999999998
        },
        "http_req_tls_handshaking": {
            "avg": 1005.5577999999999,
            "max": 12635.0954,
            "med": 0,
            "min": 0,
            "p(90)": 763.7405800000003,
            "p(95)": 4960.038854999996
        },
        "http_req_waiting": {
            "avg": 639.6557928571428,
            "max": 3650.1653,
            "med": 311.60055,
            "min": 0,
            "p(90)": 1268.2273800000003,
            "p(95)": 2141.5332399999993
        },
        "http_reqs": {
            "count": 14,
            "rate": 0.39967826698863945
        },
        "iteration_duration": {
            "avg": 11122.470778571429,
            "max": 30089.6452,
            "med": 1935.6196,
            "min": 305.1473,
            "p(90)": 30088.09243,
            "p(95)": 30088.877485
        },
        "iterations": {
            "count": 14,
            "rate": 0.39967826698863945
        },
        "vus": {
            "max": 10,
            "min": 10,
            "value": 10
        },
        "vus_max": {
            "max": 10,
            "min": 10,
            "value": 10
        }
    },
    "root_group": {
        "name": "",
        "path": "",
        "id": "d41d8cd98f00b204e9800998ecf8427e",
        "groups": {},
        "checks": {
            "is status 200": {
                "name": "is status 200",
                "path": "::is status 200",
                "id": "548d37ca5f33793206f7832e7cea54fb",
                "passes": 10,
                "fails": 4
            },
            "no error in body": {
                "name": "no error in body",
                "path": "::no error in body",
                "id": "2304d1de9b435292b5c06f40b4167043",
                "passes": 10,
                "fails": 4
            }
        }
    }
}
