{
    "metrics": {
        "checks": {
            "fails": 0,
            "passes": 20,
            "value": 0
        },
        "data_received": {
            "count": 46869,
            "rate": 4042.8792069570127
        },
        "data_sent": {
            "count": 7080,
            "rate": 610.7146468935896
        },
        "dropped_iterations": {
            "count": 2491,
            "rate": 214.8714951146796
        },
        "http_req_blocked": {
            "avg": 958.96139,
            "max": 978.0239,
            "med": 956.16035,
            "min": 945.1106,
            "p(90)": 968.9790800000001,
            "p(95)": 973.50149
        },
        "http_req_connecting": {
            "avg": 292.59110999999996,
            "max": 294.9325,
            "med": 293.34955,
            "min": 290.1937,
            "p(90)": 294.06129999999996,
            "p(95)": 294.4969
        },
        "http_req_duration": {
            "avg": 10310.06757,
            "max": 10554.907,
            "med": 10392.503850000001,
            "min": 9821.5021,
            "p(90)": 10497.64783,
            "p(95)": 10526.277415
        },
        "http_req_receiving": {
            "avg": 0.37397,
            "max": 0.495,
            "med": 0.36505,
            "min": 0.2078,
            "p(90)": 0.49482000000000004,
            "p(95)": 0.49491
        },
        "http_req_sending": {
            "avg": 0.28236,
            "max": 0.437,
            "med": 0.30585,
            "min": 0.1103,
            "p(90)": 0.43232000000000004,
            "p(95)": 0.43466
        },
        "http_req_tls_handshaking": {
            "avg": 598.82777,
            "max": 610.5246,
            "med": 598.0656,
            "min": 591.3607,
            "p(90)": 608.90469,
            "p(95)": 609.714645
        },
        "http_req_waiting": {
            "avg": 10309.411240000001,
            "max": 10554.116,
            "med": 10391.98645,
            "min": 9820.5755,
            "p(90)": 10497.084710000001,
            "p(95)": 10525.600355
        },
        "http_reqs": {
            "count": 10,
            "rate": 0.8625913091717367
        },
        "iteration_duration": {
            "avg": 11305.306489999999,
            "max": 11544.9262,
            "med": 11379.10305,
            "min": 10810.4111,
            "p(90)": 11500.136260000001,
            "p(95)": 11522.53123
        },
        "iterations": {
            "count": 10,
            "rate": 0.8625913091717367
        },
        "vus": {
            "max": 10,
            "min": 10,
            "value": 10
        },
        "vus_max": {
            "max": 10,
            "min": 10,
            "value": 10
        }
    },
    "root_group": {
        "name": "",
        "path": "",
        "id": "d41d8cd98f00b204e9800998ecf8427e",
        "groups": {},
        "checks": {
            "is status 200": {
                "name": "is status 200",
                "path": "::is status 200",
                "id": "548d37ca5f33793206f7832e7cea54fb",
                "passes": 10,
                "fails": 0
            },
            "no error in body": {
                "name": "no error in body",
                "path": "::no error in body",
                "id": "2304d1de9b435292b5c06f40b4167043",
                "passes": 10,
                "fails": 0
            }
        }
    }
}
