{
    "metrics": {
        "checks": {
            "fails": 0,
            "passes": 242,
            "value": 0
        },
        "data_received": {
            "count": 86066,
            "rate": 14511.880736101348
        },
        "data_sent": {
            "count": 38715,
            "rate": 6527.867714290936
        },
        "dropped_iterations": {
            "count": 2380,
            "rate": 401.29988789906827
        },
        "http_req_blocked": {
            "avg": 83.57580247933885,
            "max": 1031.9255,
            "med": 0.0375,
            "min": 0.02,
            "p(90)": 0.1372,
            "p(95)": 1003.2401
        },
        "http_req_connecting": {
            "avg": 21.137531404958676,
            "max": 266.3533,
            "med": 0,
            "min": 0,
            "p(90)": 0,
            "p(95)": 251.412
        },
        "http_req_duration": {
            "avg": 340.2584628099173,
            "max": 1416.893,
            "med": 275.2093,
            "min": 238.0361,
            "p(90)": 582.4676,
            "p(95)": 941.0552
        },
        "http_req_receiving": {
            "avg": 41.477085950413226,
            "max": 1126.086,
            "med": 0.1977,
            "min": 0.0727,
            "p(90)": 0.5375,
            "p(95)": 332.2467
        },
        "http_req_sending": {
            "avg": 0.15062148760330574,
            "max": 0.4011,
            "med": 0.1363,
            "min": 0.0595,
            "p(90)": 0.2455,
            "p(95)": 0.2781
        },
        "http_req_tls_handshaking": {
            "avg": 56.87284628099174,
            "max": 690.7794,
            "med": 0,
            "min": 0,
            "p(90)": 0,
            "p(95)": 687.601
        },
        "http_req_waiting": {
            "avg": 298.6307553719006,
            "max": 989.5955,
            "med": 273.889,
            "min": 232.7967,
            "p(90)": 289.7088,
            "p(95)": 582.1878
        },
        "http_reqs": {
            "count": 121,
            "rate": 20.40222119150725
        },
        "iteration_duration": {
            "avg": 427.2840123966944,
            "max": 2312.4923,
            "med": 277.419,
            "min": 258.4097,
            "p(90)": 1006.3677,
            "p(95)": 1298.4208
        },
        "iterations": {
            "count": 121,
            "rate": 20.40222119150725
        },
        "vus": {
            "max": 10,
            "min": 10,
            "value": 10
        },
        "vus_max": {
            "max": 10,
            "min": 10,
            "value": 10
        }
    },
    "root_group": {
        "name": "",
        "path": "",
        "id": "d41d8cd98f00b204e9800998ecf8427e",
        "groups": {},
        "checks": {
            "is status 200": {
                "name": "is status 200",
                "path": "::is status 200",
                "id": "548d37ca5f33793206f7832e7cea54fb",
                "passes": 121,
                "fails": 0
            },
            "no error in body": {
                "name": "no error in body",
                "path": "::no error in body",
                "id": "2304d1de9b435292b5c06f40b4167043",
                "passes": 121,
                "fails": 0
            }
        }
    }
}
