{
    "metrics": {
        "checks": {
            "fails": 0,
            "passes": 164,
            "value": 0
        },
        "data_received": {
            "count": 72690,
            "rate": 8824.027448434215
        },
        "data_sent": {
            "count": 27600,
            "rate": 3350.435514882162
        },
        "dropped_iterations": {
            "count": 2419,
            "rate": 293.64867791666484
        },
        "http_req_blocked": {
            "avg": 171.2072365,
            "max": 1411.262549,
            "med": 0.0313005,
            "min": 0.0224,
            "p(90)": 1396.1896069000002,
            "p(95)": 1404.91733195
        },
        "http_req_connecting": {
            "avg": 49.973211121951216,
            "max": 413.209963,
            "med": 0,
            "min": 0,
            "p(90)": 405.6164404,
            "p(95)": 410.5407646
        },
        "http_req_duration": {
            "avg": 470.17781597560975,
            "max": 6765.081443,
            "med": 402.862788,
            "min": 296.009055,
            "p(90)": 426.92118680000004,
            "p(95)": 433.55720725000003
        },
        "http_req_receiving": {
            "avg": 0.24712495121951206,
            "max": 1.909523,
            "med": 0.13360149999999998,
            "min": 0.076501,
            "p(90)": 0.42468580000000067,
            "p(95)": 0.6321670500000001
        },
        "http_req_sending": {
            "avg": 0.2821204390243904,
            "max": 3.540142,
            "med": 0.11265149999999999,
            "min": 0.052101,
            "p(90)": 0.7539590000000003,
            "p(95)": 0.8695500000000002
        },
        "http_req_tls_handshaking": {
            "avg": 111.57880582926828,
            "max": 918.546331,
            "med": 0,
            "min": 0,
            "p(90)": 912.8590724000001,
            "p(95)": 914.8875676
        },
        "http_req_waiting": {
            "avg": 469.64857058536586,
            "max": 6764.276933,
            "med": 401.74787449999997,
            "min": 295.772652,
            "p(90)": 426.6933538,
            "p(95)": 433.03048535
        },
        "http_reqs": {
            "count": 82,
            "rate": 9.954192471751352
        },
        "iteration_duration": {
            "avg": 641.949320195122,
            "max": 8159.436387,
            "med": 403.26969299999996,
            "min": 296.321459,
            "p(90)": 1808.0440025999999,
            "p(95)": 1816.9288696
        },
        "iterations": {
            "count": 82,
            "rate": 9.954192471751352
        },
        "vus": {
            "max": 10,
            "min": 10,
            "value": 10
        },
        "vus_max": {
            "max": 10,
            "min": 10,
            "value": 10
        }
    },
    "root_group": {
        "name": "",
        "path": "",
        "id": "d41d8cd98f00b204e9800998ecf8427e",
        "groups": {},
        "checks": {
            "is status 200": {
                "name": "is status 200",
                "path": "::is status 200",
                "id": "548d37ca5f33793206f7832e7cea54fb",
                "passes": 82,
                "fails": 0
            },
            "no error in body": {
                "name": "no error in body",
                "path": "::no error in body",
                "id": "2304d1de9b435292b5c06f40b4167043",
                "passes": 82,
                "fails": 0
            }
        }
    }
}
