{
    "metrics": {
        "checks": {
            "fails": 79,
            "passes": 79,
            "value": 0
        },
        "data_received": {
            "count": 147858,
            "rate": 8690.026955203173
        },
        "data_sent": {
            "count": 27012,
            "rate": 1587.5705617142673
        },
        "dropped_iterations": {
            "count": 2421,
            "rate": 142.28892084666967
        },
        "http_req_blocked": {
            "avg": 721.1003406582279,
            "max": 16685.737664,
            "med": 0.005003,
            "min": 0.003123,
            "p(90)": 1759.1924096,
            "p(95)": 2647.2118884999927
        },
        "http_req_connecting": {
            "avg": 610.546613721519,
            "max": 15531.09752,
            "med": 0,
            "min": 0,
            "p(90)": 1256.5111488,
            "p(95)": 1469.1758260999886
        },
        "http_req_duration": {
            "avg": 261.9226594303797,
            "max": 288.28183,
            "med": 260.181319,
            "min": 250.788278,
            "p(90)": 269.451756,
            "p(95)": 278.56036659999995
        },
        "http_req_receiving": {
            "avg": 0.1874970759493671,
            "max": 2.175391,
            "med": 0.122854,
            "min": 0.069331,
            "p(90)": 0.30244460000000006,
            "p(95)": 0.4112258999999993
        },
        "http_req_sending": {
            "avg": 0.09752732911392405,
            "max": 0.255495,
            "med": 0.090554,
            "min": 0.037203,
            "p(90)": 0.13711600000000002,
            "p(95)": 0.15287529999999985
        },
        "http_req_tls_handshaking": {
            "avg": 109.39139493670886,
            "max": 1245.999112,
            "med": 0,
            "min": 0,
            "p(90)": 503.7593148,
            "p(95)": 1169.3573712999998
        },
        "http_req_waiting": {
            "avg": 261.63763502531646,
            "max": 287.908318,
            "med": 259.990446,
            "min": 250.589565,
            "p(90)": 268.82307399999996,
            "p(95)": 278.3388249
        },
        "http_reqs": {
            "count": 79,
            "rate": 4.643050287850849
        },
        "iteration_duration": {
            "avg": 983.5013210632911,
            "max": 16939.508939,
            "med": 263.309247,
            "min": 251.330818,
            "p(90)": 2017.3235880000002,
            "p(95)": 2912.4427906999927
        },
        "iterations": {
            "count": 79,
            "rate": 4.643050287850849
        },
        "vus": {
            "max": 10,
            "min": 0,
            "value": 0
        },
        "vus_max": {
            "max": 10,
            "min": 10,
            "value": 10
        }
    },
    "root_group": {
        "name": "",
        "path": "",
        "id": "d41d8cd98f00b204e9800998ecf8427e",
        "groups": {},
        "checks": {
            "is status 200": {
                "name": "is status 200",
                "path": "::is status 200",
                "id": "548d37ca5f33793206f7832e7cea54fb",
                "passes": 79,
                "fails": 0
            },
            "no error in body": {
                "name": "no error in body",
                "path": "::no error in body",
                "id": "2304d1de9b435292b5c06f40b4167043",
                "passes": 0,
                "fails": 79
            }
        }
    }
}
