{
    "metrics": {
        "checks": {
            "fails": 0,
            "passes": 198,
            "value": 0
        },
        "data_received": {
            "count": 78609,
            "rate": 14866.928985596163
        },
        "data_sent": {
            "count": 32445,
            "rate": 6136.1613929405985
        },
        "dropped_iterations": {
            "count": 2402,
            "rate": 454.27830685293014
        },
        "http_req_blocked": {
            "avg": 151.14744141414138,
            "max": 1505.1148,
            "med": 0.0289,
            "min": 0.0184,
            "p(90)": 297.71700000000425,
            "p(95)": 1495.65871
        },
        "http_req_connecting": {
            "avg": 41.40805757575758,
            "max": 417.1049,
            "med": 0,
            "min": 0,
            "p(90)": 80.12524000000114,
            "p(95)": 414.9539
        },
        "http_req_duration": {
            "avg": 368.0598383838383,
            "max": 710.2534,
            "med": 381.8869,
            "min": 300.901,
            "p(90)": 408.27923999999996,
            "p(95)": 409.77099
        },
        "http_req_receiving": {
            "avg": 0.30893939393939396,
            "max": 3.0327,
            "med": 0.1303,
            "min": 0.0494,
            "p(90)": 0.66454,
            "p(95)": 1.5545799999999992
        },
        "http_req_sending": {
            "avg": 0.16294848484848487,
            "max": 0.7903,
            "med": 0.1173,
            "min": 0.0569,
            "p(90)": 0.29458000000000006,
            "p(95)": 0.42706
        },
        "http_req_tls_handshaking": {
            "avg": 102.7337696969697,
            "max": 1023.3069,
            "med": 0,
            "min": 0,
            "p(90)": 202.51696000000288,
            "p(95)": 1013.64388
        },
        "http_req_waiting": {
            "avg": 367.5879505050505,
            "max": 709.8114,
            "med": 381.6546,
            "min": 300.7146,
            "p(90)": 407.64322,
            "p(95)": 409.10612
        },
        "http_reqs": {
            "count": 99,
            "rate": 18.723377343230677
        },
        "iteration_duration": {
            "avg": 519.765996969697,
            "max": 1915.9473,
            "med": 382.3266,
            "min": 301.2159,
            "p(90)": 948.4961400000034,
            "p(95)": 1905.3471499999998
        },
        "iterations": {
            "count": 99,
            "rate": 18.723377343230677
        },
        "vus": {
            "max": 10,
            "min": 10,
            "value": 10
        },
        "vus_max": {
            "max": 10,
            "min": 10,
            "value": 10
        }
    },
    "root_group": {
        "name": "",
        "path": "",
        "id": "d41d8cd98f00b204e9800998ecf8427e",
        "groups": {},
        "checks": {
            "is status 200": {
                "name": "is status 200",
                "path": "::is status 200",
                "id": "548d37ca5f33793206f7832e7cea54fb",
                "passes": 99,
                "fails": 0
            },
            "no error in body": {
                "name": "no error in body",
                "path": "::no error in body",
                "id": "2304d1de9b435292b5c06f40b4167043",
                "passes": 99,
                "fails": 0
            }
        }
    }
}
