{
    "metrics": {
        "checks": {
            "fails": 0,
            "passes": 176,
            "value": 0
        },
        "data_received": {
            "count": 75053,
            "rate": 10225.857198458201
        },
        "data_sent": {
            "count": 29310,
            "rate": 3993.442960132305
        },
        "dropped_iterations": {
            "count": 2413,
            "rate": 328.767583172953
        },
        "http_req_blocked": {
            "avg": 237.62183749999997,
            "max": 5548.1371,
            "med": 0.0434,
            "min": 0.0217,
            "p(90)": 1230.07692,
            "p(95)": 1532.7700699999998
        },
        "http_req_connecting": {
            "avg": 40.48637272727273,
            "max": 360.0707,
            "med": 0,
            "min": 0,
            "p(90)": 350.84056999999996,
            "p(95)": 358.00658
        },
        "http_req_duration": {
            "avg": 376.0807693181818,
            "max": 4217.6559,
            "med": 312.52655,
            "min": 298.7967,
            "p(90)": 326.91153,
            "p(95)": 642.0897099999993
        },
        "http_req_receiving": {
            "avg": 52.186825,
            "max": 3899.6481,
            "med": 0.2623,
            "min": 0.1107,
            "p(90)": 0.99495,
            "p(95)": 2.8068599999999853
        },
        "http_req_sending": {
            "avg": 0.19782954545454545,
            "max": 1.4051,
            "med": 0.1528,
            "min": 0.0576,
            "p(90)": 0.29896,
            "p(95)": 0.4359799999999989
        },
        "http_req_tls_handshaking": {
            "avg": 189.14681249999995,
            "max": 5123.0008,
            "med": 0,
            "min": 0,
            "p(90)": 812.00497,
            "p(95)": 1108.4657349999998
        },
        "http_req_waiting": {
            "avg": 323.6961147727273,
            "max": 705.1417,
            "med": 310.0357,
            "min": 298.2574,
            "p(90)": 324.06706,
            "p(95)": 329.11952999999994
        },
        "http_reqs": {
            "count": 88,
            "rate": 11.98986627402398
        },
        "iteration_duration": {
            "avg": 618.3301056818184,
            "max": 5889.4564,
            "med": 314.7008,
            "min": 299.5714,
            "p(90)": 1595.90345,
            "p(95)": 2074.512704999998
        },
        "iterations": {
            "count": 88,
            "rate": 11.98986627402398
        },
        "vus": {
            "max": 10,
            "min": 10,
            "value": 10
        },
        "vus_max": {
            "max": 10,
            "min": 10,
            "value": 10
        }
    },
    "root_group": {
        "name": "",
        "path": "",
        "id": "d41d8cd98f00b204e9800998ecf8427e",
        "groups": {},
        "checks": {
            "is status 200": {
                "name": "is status 200",
                "path": "::is status 200",
                "id": "548d37ca5f33793206f7832e7cea54fb",
                "passes": 88,
                "fails": 0
            },
            "no error in body": {
                "name": "no error in body",
                "path": "::no error in body",
                "id": "2304d1de9b435292b5c06f40b4167043",
                "passes": 88,
                "fails": 0
            }
        }
    }
}
