{
    "metrics": {
        "checks": {
            "fails": 0,
            "passes": 288,
            "value": 0
        },
        "data_received": {
            "count": 94960,
            "rate": 17850.910513531093
        },
        "data_sent": {
            "count": 45270,
            "rate": 8510.011783356704
        },
        "dropped_iterations": {
            "count": 2356,
            "rate": 442.88906033992475
        },
        "http_req_blocked": {
            "avg": 66.04082733333325,
            "max": 967.811937,
            "med": 0.023649999999999997,
            "min": 0.0186,
            "p(90)": 0.141600000000001,
            "p(95)": 939.882308
        },
        "http_req_connecting": {
            "avg": 17.718030152777782,
            "max": 274.419297,
            "med": 0,
            "min": 0,
            "p(90)": 0,
            "p(95)": 246.60033214999999
        },
        "http_req_duration": {
            "avg": 285.64842422222216,
            "max": 1937.971974,
            "med": 267.7440995,
            "min": 253.929305,
            "p(90)": 285.319993,
            "p(95)": 290.46086114999997
        },
        "http_req_receiving": {
            "avg": 0.2651554583333333,
            "max": 2.813299,
            "med": 0.13525,
            "min": 0.0698,
            "p(90)": 0.5850100000000003,
            "p(95)": 0.8315848499999999
        },
        "http_req_sending": {
            "avg": 0.14758675,
            "max": 3.033099,
            "med": 0.08705,
            "min": 0.0502,
            "p(90)": 0.20441000000000048,
            "p(95)": 0.32827999999999985
        },
        "http_req_tls_handshaking": {
            "avg": 43.36315181944444,
            "max": 629.119565,
            "med": 0,
            "min": 0,
            "p(90)": 0,
            "p(95)": 622.781397
        },
        "http_req_waiting": {
            "avg": 285.23568201388895,
            "max": 1937.775174,
            "med": 267.3493495,
            "min": 253.599005,
            "p(90)": 284.57121329999995,
            "p(95)": 290.21681615
        },
        "http_reqs": {
            "count": 144,
            "rate": 27.06961998682053
        },
        "iteration_duration": {
            "avg": 352.24090547222187,
            "max": 2876.415822,
            "med": 269.086799,
            "min": 254.283405,
            "p(90)": 295.21163930000006,
            "p(95)": 1207.33776245
        },
        "iterations": {
            "count": 144,
            "rate": 27.06961998682053
        },
        "vus": {
            "max": 10,
            "min": 10,
            "value": 10
        },
        "vus_max": {
            "max": 10,
            "min": 10,
            "value": 10
        }
    },
    "root_group": {
        "name": "",
        "path": "",
        "id": "d41d8cd98f00b204e9800998ecf8427e",
        "groups": {},
        "checks": {
            "is status 200": {
                "name": "is status 200",
                "path": "::is status 200",
                "id": "548d37ca5f33793206f7832e7cea54fb",
                "passes": 144,
                "fails": 0
            },
            "no error in body": {
                "name": "no error in body",
                "path": "::no error in body",
                "id": "2304d1de9b435292b5c06f40b4167043",
                "passes": 144,
                "fails": 0
            }
        }
    }
}
