{
    "metrics": {
        "checks": {
            "fails": 0,
            "passes": 218,
            "value": 0
        },
        "data_received": {
            "count": 82159,
            "rate": 15442.496825002054
        },
        "data_sent": {
            "count": 35295,
            "rate": 6634.001453747581
        },
        "dropped_iterations": {
            "count": 2391,
            "rate": 449.4091932542985
        },
        "http_req_blocked": {
            "avg": 121.32700733944954,
            "max": 1328.467,
            "med": 0.0337,
            "min": 0.0223,
            "p(90)": 0.19462000000000013,
            "p(95)": 1321.4235999999999
        },
        "http_req_connecting": {
            "avg": 30.461929357798166,
            "max": 335.3542,
            "med": 0,
            "min": 0,
            "p(90)": 0,
            "p(95)": 332.06356
        },
        "http_req_duration": {
            "avg": 348.8624889908258,
            "max": 410.4216,
            "med": 340.5254,
            "min": 292.8672,
            "p(90)": 404.16622,
            "p(95)": 407.22312
        },
        "http_req_receiving": {
            "avg": 0.24173761467889907,
            "max": 2.617,
            "med": 0.1455,
            "min": 0.062,
            "p(90)": 0.33398,
            "p(95)": 0.639799999999999
        },
        "http_req_sending": {
            "avg": 0.1851174311926605,
            "max": 2.3721,
            "med": 0.1252,
            "min": 0.0287,
            "p(90)": 0.30482000000000004,
            "p(95)": 0.4652199999999998
        },
        "http_req_tls_handshaking": {
            "avg": 84.28565779816513,
            "max": 920.4831,
            "med": 0,
            "min": 0,
            "p(90)": 0,
            "p(95)": 918.53138
        },
        "http_req_waiting": {
            "avg": 348.43563394495413,
            "max": 410.0683,
            "med": 340.102,
            "min": 292.6143,
            "p(90)": 403.90592,
            "p(95)": 406.98290000000003
        },
        "http_reqs": {
            "count": 109,
            "rate": 20.487495635599554
        },
        "iteration_duration": {
            "avg": 470.9277614678901,
            "max": 1646.5907,
            "med": 365.4542,
            "min": 293.618,
            "p(90)": 410.31534,
            "p(95)": 1633.70636
        },
        "iterations": {
            "count": 109,
            "rate": 20.487495635599554
        },
        "vus": {
            "max": 10,
            "min": 10,
            "value": 10
        },
        "vus_max": {
            "max": 10,
            "min": 10,
            "value": 10
        }
    },
    "root_group": {
        "name": "",
        "path": "",
        "id": "d41d8cd98f00b204e9800998ecf8427e",
        "groups": {},
        "checks": {
            "is status 200": {
                "name": "is status 200",
                "path": "::is status 200",
                "id": "548d37ca5f33793206f7832e7cea54fb",
                "passes": 109,
                "fails": 0
            },
            "no error in body": {
                "name": "no error in body",
                "path": "::no error in body",
                "id": "2304d1de9b435292b5c06f40b4167043",
                "passes": 109,
                "fails": 0
            }
        }
    }
}
