{
    "metrics": {
        "checks": {
            "fails": 69,
            "passes": 67,
            "value": 0
        },
        "data_received": {
            "count": 128150,
            "rate": 4258.1859852261605
        },
        "data_sent": {
            "count": 23130,
            "rate": 768.5668500841286
        },
        "dropped_iterations": {
            "count": 2433,
            "rate": 80.84406166254583
        },
        "http_req_blocked": {
            "avg": 676.6514967058823,
            "max": 9228.478871,
            "med": 0.006771,
            "min": 0,
            "p(90)": 860.1680792000001,
            "p(95)": 7819.28005975
        },
        "http_req_connecting": {
            "avg": 552.507110632353,
            "max": 7327.839666,
            "med": 0,
            "min": 0,
            "p(90)": 246.95190650000004,
            "p(95)": 7310.86386745
        },
        "http_req_duration": {
            "avg": 255.07834248529412,
            "max": 468.414795,
            "med": 256.78912049999997,
            "min": 0,
            "p(90)": 265.6011271,
            "p(95)": 268.02918305
        },
        "http_req_receiving": {
            "avg": 0.5234779117647058,
            "max": 12.038069,
            "med": 0.16399999999999998,
            "min": 0,
            "p(90)": 0.5466581,
            "p(95)": 0.7974773999999999
        },
        "http_req_sending": {
            "avg": 0.10721357352941177,
            "max": 0.269906,
            "med": 0.09479850000000001,
            "min": 0,
            "p(90)": 0.15183520000000006,
            "p(95)": 0.18503129999999995
        },
        "http_req_tls_handshaking": {
            "avg": 123.36418369117646,
            "max": 1915.358994,
            "med": 0,
            "min": 0,
            "p(90)": 530.9818816000004,
            "p(95)": 993.9463866499991
        },
        "http_req_waiting": {
            "avg": 254.44765100000004,
            "max": 465.522476,
            "med": 256.445566,
            "min": 0,
            "p(90)": 265.146933,
            "p(95)": 267.7549786
        },
        "http_reqs": {
            "count": 68,
            "rate": 2.2595134373420125
        },
        "iteration_duration": {
            "avg": 1373.764576529412,
            "max": 30014.704696,
            "med": 258.1092645,
            "min": 241.710347,
            "p(90)": 1306.0928118000024,
            "p(95)": 8567.424757249999
        },
        "iterations": {
            "count": 68,
            "rate": 2.2595134373420125
        },
        "vus": {
            "max": 10,
            "min": 10,
            "value": 10
        },
        "vus_max": {
            "max": 10,
            "min": 10,
            "value": 10
        }
    },
    "root_group": {
        "name": "",
        "path": "",
        "id": "d41d8cd98f00b204e9800998ecf8427e",
        "groups": {},
        "checks": {
            "is status 200": {
                "name": "is status 200",
                "path": "::is status 200",
                "id": "548d37ca5f33793206f7832e7cea54fb",
                "passes": 67,
                "fails": 1
            },
            "no error in body": {
                "name": "no error in body",
                "path": "::no error in body",
                "id": "2304d1de9b435292b5c06f40b4167043",
                "passes": 0,
                "fails": 68
            }
        }
    }
}
