{
    "metrics": {
        "checks": {
            "fails": 0,
            "passes": 128,
            "value": 0
        },
        "data_received": {
            "count": 66358,
            "rate": 11144.921976308837
        },
        "data_sent": {
            "count": 22470,
            "rate": 3773.86896542481
        },
        "dropped_iterations": {
            "count": 2436,
            "rate": 409.1297196161476
        },
        "http_req_blocked": {
            "avg": 345.7120640625,
            "max": 3827.8026,
            "med": 0.0424,
            "min": 0.0313,
            "p(90)": 1354.25128,
            "p(95)": 2345.7511449999997
        },
        "http_req_connecting": {
            "avg": 94.4196796875,
            "max": 1392.1835,
            "med": 0,
            "min": 0,
            "p(90)": 408.50460000000004,
            "p(95)": 411.59973
        },
        "http_req_duration": {
            "avg": 479.2016640625001,
            "max": 1778.9493,
            "med": 367.5675,
            "min": 339.9411,
            "p(90)": 832.61337,
            "p(95)": 1279.5404599999972
        },
        "http_req_receiving": {
            "avg": 68.05560625000001,
            "max": 1371.9935,
            "med": 0.34814999999999996,
            "min": 0.1039,
            "p(90)": 1.2661100000000003,
            "p(95)": 430.6421449999996
        },
        "http_req_sending": {
            "avg": 0.2516031250000001,
            "max": 3.1306,
            "med": 0.19605,
            "min": 0.08,
            "p(90)": 0.32688,
            "p(95)": 0.3693749999999999
        },
        "http_req_tls_handshaking": {
            "avg": 227.23849843750003,
            "max": 3269.2365,
            "med": 0,
            "min": 0,
            "p(90)": 782.56782,
            "p(95)": 1769.4110699999992
        },
        "http_req_waiting": {
            "avg": 410.89445468750006,
            "max": 1372.0672,
            "med": 365.7163,
            "min": 339.5484,
            "p(90)": 406.57901,
            "p(95)": 828.3353649999996
        },
        "http_reqs": {
            "count": 64,
            "rate": 10.748892469389757
        },
        "iteration_duration": {
            "avg": 825.7141609374996,
            "max": 4192.257,
            "med": 369.69755,
            "min": 340.6014,
            "p(90)": 2421.9857800000027,
            "p(95)": 3026.473924999998
        },
        "iterations": {
            "count": 64,
            "rate": 10.748892469389757
        },
        "vus": {
            "max": 10,
            "min": 10,
            "value": 10
        },
        "vus_max": {
            "max": 10,
            "min": 10,
            "value": 10
        }
    },
    "root_group": {
        "name": "",
        "path": "",
        "id": "d41d8cd98f00b204e9800998ecf8427e",
        "groups": {},
        "checks": {
            "is status 200": {
                "name": "is status 200",
                "path": "::is status 200",
                "id": "548d37ca5f33793206f7832e7cea54fb",
                "passes": 64,
                "fails": 0
            },
            "no error in body": {
                "name": "no error in body",
                "path": "::no error in body",
                "id": "2304d1de9b435292b5c06f40b4167043",
                "passes": 64,
                "fails": 0
            }
        }
    }
}
