{
    "metrics": {
        "checks": {
            "fails": 0,
            "passes": 272,
            "value": 0
        },
        "data_received": {
            "count": 92924,
            "rate": 16376.17507259742
        },
        "data_sent": {
            "count": 43428,
            "rate": 7653.399886496069
        },
        "dropped_iterations": {
            "count": 2365,
            "rate": 416.7884943253938
        },
        "http_req_blocked": {
            "avg": 83.35336250000003,
            "max": 1151.7421,
            "med": 0.041550000000000004,
            "min": 0.0215,
            "p(90)": 0.172,
            "p(95)": 1125.4306
        },
        "http_req_connecting": {
            "avg": 20.24376102941177,
            "max": 287.0003,
            "med": 0,
            "min": 0,
            "p(90)": 0,
            "p(95)": 271.443425
        },
        "http_req_duration": {
            "avg": 294.8736647058825,
            "max": 1126.9211,
            "med": 285.82264999999995,
            "min": 274.4433,
            "p(90)": 301.0606,
            "p(95)": 303.1705
        },
        "http_req_receiving": {
            "avg": 6.564758088235294,
            "max": 850.107,
            "med": 0.2086,
            "min": 0.087,
            "p(90)": 0.5789,
            "p(95)": 0.86085
        },
        "http_req_sending": {
            "avg": 0.1922360294117648,
            "max": 1.2205,
            "med": 0.15525,
            "min": 0.0614,
            "p(90)": 0.3054,
            "p(95)": 0.432475
        },
        "http_req_tls_handshaking": {
            "avg": 46.27382573529411,
            "max": 631.5025,
            "med": 0,
            "min": 0,
            "p(90)": 0,
            "p(95)": 628.733275
        },
        "http_req_waiting": {
            "avg": 288.11667058823525,
            "max": 312.8237,
            "med": 285.3091,
            "min": 273.8462,
            "p(90)": 300.37575000000004,
            "p(95)": 301.927825
        },
        "http_reqs": {
            "count": 136,
            "rate": 23.967541322728778
        },
        "iteration_duration": {
            "avg": 378.89110588235286,
            "max": 1455.4874,
            "med": 287.34905,
            "min": 275.2107,
            "p(90)": 305.32624999999996,
            "p(95)": 1410.1175250000001
        },
        "iterations": {
            "count": 136,
            "rate": 23.967541322728778
        },
        "vus": {
            "max": 10,
            "min": 10,
            "value": 10
        },
        "vus_max": {
            "max": 10,
            "min": 10,
            "value": 10
        }
    },
    "root_group": {
        "name": "",
        "path": "",
        "id": "d41d8cd98f00b204e9800998ecf8427e",
        "groups": {},
        "checks": {
            "is status 200": {
                "name": "is status 200",
                "path": "::is status 200",
                "id": "548d37ca5f33793206f7832e7cea54fb",
                "passes": 136,
                "fails": 0
            },
            "no error in body": {
                "name": "no error in body",
                "path": "::no error in body",
                "id": "2304d1de9b435292b5c06f40b4167043",
                "passes": 136,
                "fails": 0
            }
        }
    }
}
