{
    "metrics": {
        "checks": {
            "fails": 0,
            "passes": 234,
            "value": 0
        },
        "data_received": {
            "count": 85550,
            "rate": 16105.584560145568
        },
        "data_sent": {
            "count": 37575,
            "rate": 7073.843832232258
        },
        "dropped_iterations": {
            "count": 2384,
            "rate": 448.81021147150244
        },
        "http_req_blocked": {
            "avg": 124.61236239316248,
            "max": 1469.5197,
            "med": 0.0405,
            "min": 0.0222,
            "p(90)": 0.2534200000000002,
            "p(95)": 1454.0214
        },
        "http_req_connecting": {
            "avg": 28.8090641025641,
            "max": 341.3973,
            "med": 0,
            "min": 0,
            "p(90)": 0,
            "p(95)": 333.73702
        },
        "http_req_duration": {
            "avg": 312.52317094017104,
            "max": 480.3677,
            "med": 307.0534,
            "min": 297.9875,
            "p(90)": 322.86648,
            "p(95)": 329.42269999999996
        },
        "http_req_receiving": {
            "avg": 0.3719752136752136,
            "max": 2.7385,
            "med": 0.2515,
            "min": 0.0813,
            "p(90)": 0.6836200000000004,
            "p(95)": 0.9105599999999998
        },
        "http_req_sending": {
            "avg": 0.1648683760683761,
            "max": 0.6895,
            "med": 0.1442,
            "min": 0.0664,
            "p(90)": 0.26636000000000004,
            "p(95)": 0.30469999999999986
        },
        "http_req_tls_handshaking": {
            "avg": 89.42992905982905,
            "max": 1054.9584,
            "med": 0,
            "min": 0,
            "p(90)": 0,
            "p(95)": 1043.84332
        },
        "http_req_waiting": {
            "avg": 311.9863273504274,
            "max": 479.5239,
            "med": 306.5362,
            "min": 297.5076,
            "p(90)": 321.71422,
            "p(95)": 328.58323999999993
        },
        "http_reqs": {
            "count": 117,
            "rate": 22.026340076411824
        },
        "iteration_duration": {
            "avg": 437.76023418803385,
            "max": 1792.0436,
            "med": 308.1912,
            "min": 298.5437,
            "p(90)": 422.5436800000003,
            "p(95)": 1766.9903199999999
        },
        "iterations": {
            "count": 117,
            "rate": 22.026340076411824
        },
        "vus": {
            "max": 10,
            "min": 10,
            "value": 10
        },
        "vus_max": {
            "max": 10,
            "min": 10,
            "value": 10
        }
    },
    "root_group": {
        "name": "",
        "path": "",
        "id": "d41d8cd98f00b204e9800998ecf8427e",
        "groups": {},
        "checks": {
            "is status 200": {
                "name": "is status 200",
                "path": "::is status 200",
                "id": "548d37ca5f33793206f7832e7cea54fb",
                "passes": 117,
                "fails": 0
            },
            "no error in body": {
                "name": "no error in body",
                "path": "::no error in body",
                "id": "2304d1de9b435292b5c06f40b4167043",
                "passes": 117,
                "fails": 0
            }
        }
    }
}
