{
    "metrics": {
        "checks": {
            "fails": 0,
            "passes": 250,
            "value": 0
        },
        "data_received": {
            "count": 88622,
            "rate": 16488.056289571512
        },
        "data_sent": {
            "count": 39855,
            "rate": 7414.992704078814
        },
        "dropped_iterations": {
            "count": 2376,
            "rate": 442.0530087791058
        },
        "http_req_blocked": {
            "avg": 89.00749919999993,
            "max": 1127.4142,
            "med": 0.0293,
            "min": 0.0186,
            "p(90)": 0.12878000000000012,
            "p(95)": 1108.64682
        },
        "http_req_connecting": {
            "avg": 23.676352799999997,
            "max": 305.7028,
            "med": 0,
            "min": 0,
            "p(90)": 0,
            "p(95)": 291.54474
        },
        "http_req_duration": {
            "avg": 320.59216720000023,
            "max": 463.1244,
            "med": 315.5441,
            "min": 295.9173,
            "p(90)": 348.79182000000003,
            "p(95)": 373.69042
        },
        "http_req_receiving": {
            "avg": 0.3260000000000002,
            "max": 4.2908,
            "med": 0.2074,
            "min": 0.0677,
            "p(90)": 0.4598400000000003,
            "p(95)": 0.7295399999999997
        },
        "http_req_sending": {
            "avg": 0.2068544,
            "max": 2.1083,
            "med": 0.1322,
            "min": 0.0557,
            "p(90)": 0.3433800000000001,
            "p(95)": 0.5883799999999999
        },
        "http_req_tls_handshaking": {
            "avg": 59.9514304,
            "max": 751.3079,
            "med": 0,
            "min": 0,
            "p(90)": 0,
            "p(95)": 748.71726
        },
        "http_req_waiting": {
            "avg": 320.0593128,
            "max": 462.7702,
            "med": 315.2008,
            "min": 295.5242,
            "p(90)": 346.35428,
            "p(95)": 373.0279
        },
        "http_reqs": {
            "count": 125,
            "rate": 23.256155764894036
        },
        "iteration_duration": {
            "avg": 410.28032560000014,
            "max": 1445.5664,
            "med": 317.1511,
            "min": 296.4265,
            "p(90)": 392.24316000000005,
            "p(95)": 1415.23286
        },
        "iterations": {
            "count": 125,
            "rate": 23.256155764894036
        },
        "vus": {
            "max": 10,
            "min": 10,
            "value": 10
        },
        "vus_max": {
            "max": 10,
            "min": 10,
            "value": 10
        }
    },
    "root_group": {
        "name": "",
        "path": "",
        "id": "d41d8cd98f00b204e9800998ecf8427e",
        "groups": {},
        "checks": {
            "is status 200": {
                "name": "is status 200",
                "path": "::is status 200",
                "id": "548d37ca5f33793206f7832e7cea54fb",
                "passes": 125,
                "fails": 0
            },
            "no error in body": {
                "name": "no error in body",
                "path": "::no error in body",
                "id": "2304d1de9b435292b5c06f40b4167043",
                "passes": 125,
                "fails": 0
            }
        }
    }
}
