{
    "metrics": {
        "checks": {
            "fails": 0,
            "passes": 142,
            "value": 0
        },
        "data_received": {
            "count": 68540,
            "rate": 10451.723361699987
        },
        "data_sent": {
            "count": 24465,
            "rate": 3730.6888246861713
        },
        "dropped_iterations": {
            "count": 2429,
            "rate": 370.40029246526507
        },
        "http_req_blocked": {
            "avg": 235.19218169014093,
            "max": 1961.2971,
            "med": 0.0406,
            "min": 0.0204,
            "p(90)": 1096.134,
            "p(95)": 1910.2198
        },
        "http_req_connecting": {
            "avg": 56.45831126760564,
            "max": 1326.2315,
            "med": 0,
            "min": 0,
            "p(90)": 297.4691,
            "p(95)": 298.5306
        },
        "http_req_duration": {
            "avg": 517.1888788732394,
            "max": 1574.9786,
            "med": 291.4655,
            "min": 259.6459,
            "p(90)": 1041.2027,
            "p(95)": 1201.0603
        },
        "http_req_receiving": {
            "avg": 43.01531126760564,
            "max": 1300.4636,
            "med": 0.2111,
            "min": 0.0815,
            "p(90)": 0.8491,
            "p(95)": 2.23355
        },
        "http_req_sending": {
            "avg": 0.17556901408450706,
            "max": 0.4848,
            "med": 0.1528,
            "min": 0.0644,
            "p(90)": 0.2975,
            "p(95)": 0.38165
        },
        "http_req_tls_handshaking": {
            "avg": 168.1441028169014,
            "max": 1537.6119,
            "med": 0,
            "min": 0,
            "p(90)": 717.4672,
            "p(95)": 1535.8409499999998
        },
        "http_req_waiting": {
            "avg": 473.99799859154933,
            "max": 1346.852,
            "med": 287.6509,
            "min": 259.3223,
            "p(90)": 950.5747,
            "p(95)": 1063.44415
        },
        "http_reqs": {
            "count": 71,
            "rate": 10.82685087074262
        },
        "iteration_duration": {
            "avg": 752.9656605633803,
            "max": 3200.4217,
            "med": 292.3909,
            "min": 260.126,
            "p(90)": 2030.2115,
            "p(95)": 2862.8416500000003
        },
        "iterations": {
            "count": 71,
            "rate": 10.82685087074262
        },
        "vus": {
            "max": 10,
            "min": 10,
            "value": 10
        },
        "vus_max": {
            "max": 10,
            "min": 10,
            "value": 10
        }
    },
    "root_group": {
        "name": "",
        "path": "",
        "id": "d41d8cd98f00b204e9800998ecf8427e",
        "groups": {},
        "checks": {
            "is status 200": {
                "name": "is status 200",
                "path": "::is status 200",
                "id": "548d37ca5f33793206f7832e7cea54fb",
                "passes": 71,
                "fails": 0
            },
            "no error in body": {
                "name": "no error in body",
                "path": "::no error in body",
                "id": "2304d1de9b435292b5c06f40b4167043",
                "passes": 71,
                "fails": 0
            }
        }
    }
}
