{
    "metrics": {
        "checks": {
            "fails": 0,
            "passes": 2032,
            "value": 0
        },
        "data_received": {
            "count": 438535,
            "rate": 13701.984191881156
        },
        "data_sent": {
            "count": 296968,
            "rate": 9278.736797506614
        },
        "dropped_iterations": {
            "count": 13985,
            "rate": 436.95998933598906
        },
        "http_req_blocked": {
            "avg": 15.682133547244108,
            "max": 2112.718068,
            "med": 0.0231835,
            "min": 0.017389,
            "p(90)": 0.037175,
            "p(95)": 0.08223749999999999
        },
        "http_req_connecting": {
            "avg": 4.221590205708662,
            "max": 269.897106,
            "med": 0,
            "min": 0,
            "p(90)": 0,
            "p(95)": 0
        },
        "http_req_duration": {
            "avg": 283.26506744192903,
            "max": 3311.977593,
            "med": 265.33098299999995,
            "min": 254.719224,
            "p(90)": 280.983719,
            "p(95)": 300.02048625000003
        },
        "http_req_receiving": {
            "avg": 6.403411459645667,
            "max": 1051.778405,
            "med": 0.141701,
            "min": 0.059862,
            "p(90)": 0.4567185,
            "p(95)": 0.7373925
        },
        "http_req_sending": {
            "avg": 0.10325183070866138,
            "max": 1.110071,
            "med": 0.08598900000000001,
            "min": 0.034178,
            "p(90)": 0.1431985,
            "p(95)": 0.21076275
        },
        "http_req_tls_handshaking": {
            "avg": 10.72684980511811,
            "max": 1860.825658,
            "med": 0,
            "min": 0,
            "p(90)": 0,
            "p(95)": 0
        },
        "http_req_waiting": {
            "avg": 276.75840415157467,
            "max": 3310.42315,
            "med": 264.9562045,
            "min": 254.349492,
            "p(90)": 279.835908,
            "p(95)": 295.05613425
        },
        "http_reqs": {
            "count": 1016,
            "rate": 31.74482296498855
        },
        "iteration_duration": {
            "avg": 299.37532055905564,
            "max": 3312.435775,
            "med": 266.0357865,
            "min": 255.099248,
            "p(90)": 284.5268585,
            "p(95)": 332.54323375
        },
        "iterations": {
            "count": 1016,
            "rate": 31.74482296498855
        },
        "vus": {
            "max": 10,
            "min": 10,
            "value": 10
        },
        "vus_max": {
            "max": 10,
            "min": 10,
            "value": 10
        }
    },
    "root_group": {
        "name": "",
        "path": "",
        "id": "d41d8cd98f00b204e9800998ecf8427e",
        "groups": {},
        "checks": {
            "is status 200": {
                "name": "is status 200",
                "path": "::is status 200",
                "id": "548d37ca5f33793206f7832e7cea54fb",
                "passes": 1016,
                "fails": 0
            },
            "no error in body": {
                "name": "no error in body",
                "path": "::no error in body",
                "id": "2304d1de9b435292b5c06f40b4167043",
                "passes": 1016,
                "fails": 0
            }
        }
    }
}
