{
    "metrics": {
        "checks": {
            "fails": 0,
            "passes": 230,
            "value": 0
        },
        "data_received": {
            "count": 84636,
            "rate": 14832.255715406875
        },
        "data_sent": {
            "count": 37380,
            "rate": 6550.755218133051
        },
        "dropped_iterations": {
            "count": 2385,
            "rate": 417.9655215421971
        },
        "http_req_blocked": {
            "avg": 105.49002521739133,
            "max": 2400.3167,
            "med": 0.0398,
            "min": 0.0219,
            "p(90)": 0.24026,
            "p(95)": 971.43778
        },
        "http_req_connecting": {
            "avg": 31.595873913043476,
            "max": 1278.4869,
            "med": 0,
            "min": 0,
            "p(90)": 0,
            "p(95)": 259.93424
        },
        "http_req_duration": {
            "avg": 355.66121391304324,
            "max": 1245.9318,
            "med": 273.766,
            "min": 252.6046,
            "p(90)": 608.19588,
            "p(95)": 998.8534999999998
        },
        "http_req_receiving": {
            "avg": 55.900404347826104,
            "max": 960.0956,
            "med": 0.2085,
            "min": 0.097,
            "p(90)": 5.0149600000000385,
            "p(95)": 451.34026999999895
        },
        "http_req_sending": {
            "avg": 0.17054782608695657,
            "max": 0.5916,
            "med": 0.1422,
            "min": 0.0609,
            "p(90)": 0.29660000000000014,
            "p(95)": 0.3543899999999997
        },
        "http_req_tls_handshaking": {
            "avg": 73.77784608695653,
            "max": 1434.7956,
            "med": 0,
            "min": 0,
            "p(90)": 0,
            "p(95)": 702.9635
        },
        "http_req_waiting": {
            "avg": 299.5902617391304,
            "max": 1033.0842,
            "med": 272.3217,
            "min": 252.1357,
            "p(90)": 282.12014,
            "p(95)": 591.9874599999999
        },
        "http_reqs": {
            "count": 115,
            "rate": 20.153473785053528
        },
        "iteration_duration": {
            "avg": 461.82723391304353,
            "max": 2666.987,
            "med": 275.8978,
            "min": 253.2836,
            "p(90)": 1085.0900000000001,
            "p(95)": 1250.4684
        },
        "iterations": {
            "count": 115,
            "rate": 20.153473785053528
        },
        "vus": {
            "max": 10,
            "min": 10,
            "value": 10
        },
        "vus_max": {
            "max": 10,
            "min": 10,
            "value": 10
        }
    },
    "root_group": {
        "name": "",
        "path": "",
        "id": "d41d8cd98f00b204e9800998ecf8427e",
        "groups": {},
        "checks": {
            "is status 200": {
                "name": "is status 200",
                "path": "::is status 200",
                "id": "548d37ca5f33793206f7832e7cea54fb",
                "passes": 115,
                "fails": 0
            },
            "no error in body": {
                "name": "no error in body",
                "path": "::no error in body",
                "id": "2304d1de9b435292b5c06f40b4167043",
                "passes": 115,
                "fails": 0
            }
        }
    }
}
