{
    "metrics": {
        "checks": {
            "fails": 0,
            "passes": 214,
            "value": 0
        },
        "data_received": {
            "count": 82029,
            "rate": 14943.061105987636
        },
        "data_sent": {
            "count": 34725,
            "rate": 6325.784745704819
        },
        "dropped_iterations": {
            "count": 2394,
            "rate": 436.11025719848345
        },
        "http_req_blocked": {
            "avg": 116.41804392523368,
            "max": 1253.3683,
            "med": 0.0396,
            "min": 0.0222,
            "p(90)": 0.21344000000000055,
            "p(95)": 1243.5820700000002
        },
        "http_req_connecting": {
            "avg": 32.2836785046729,
            "max": 347.0333,
            "med": 0,
            "min": 0,
            "p(90)": 0,
            "p(95)": 346.12007
        },
        "http_req_duration": {
            "avg": 362.7923981308412,
            "max": 1442.4982,
            "med": 287.735,
            "min": 256.8241,
            "p(90)": 600.6056800000001,
            "p(95)": 749.0257799999995
        },
        "http_req_receiving": {
            "avg": 58.33728691588785,
            "max": 1135.5585,
            "med": 0.2277,
            "min": 0.079,
            "p(90)": 1.5632000000000033,
            "p(95)": 350.97352999999976
        },
        "http_req_sending": {
            "avg": 0.20157102803738317,
            "max": 2.5789,
            "med": 0.1505,
            "min": 0.0543,
            "p(90)": 0.30176000000000003,
            "p(95)": 0.3883499999999999
        },
        "http_req_tls_handshaking": {
            "avg": 75.77289906542056,
            "max": 812.4901,
            "med": 0,
            "min": 0,
            "p(90)": 0,
            "p(95)": 810.27534
        },
        "http_req_waiting": {
            "avg": 304.2535401869159,
            "max": 639.1275,
            "med": 287.3702,
            "min": 256.401,
            "p(90)": 386.05028000000004,
            "p(95)": 402.43969999999996
        },
        "http_reqs": {
            "count": 107,
            "rate": 19.491978914050847
        },
        "iteration_duration": {
            "avg": 480.00298598130854,
            "max": 2681.601,
            "med": 288.5006,
            "min": 257.4894,
            "p(90)": 1422.6558400000001,
            "p(95)": 1553.1929
        },
        "iterations": {
            "count": 107,
            "rate": 19.491978914050847
        },
        "vus": {
            "max": 10,
            "min": 10,
            "value": 10
        },
        "vus_max": {
            "max": 10,
            "min": 10,
            "value": 10
        }
    },
    "root_group": {
        "name": "",
        "path": "",
        "id": "d41d8cd98f00b204e9800998ecf8427e",
        "groups": {},
        "checks": {
            "is status 200": {
                "name": "is status 200",
                "path": "::is status 200",
                "id": "548d37ca5f33793206f7832e7cea54fb",
                "passes": 107,
                "fails": 0
            },
            "no error in body": {
                "name": "no error in body",
                "path": "::no error in body",
                "id": "2304d1de9b435292b5c06f40b4167043",
                "passes": 107,
                "fails": 0
            }
        }
    }
}
