{
    "metrics": {
        "checks": {
            "fails": 0,
            "passes": 240,
            "value": 0
        },
        "data_received": {
            "count": 87025,
            "rate": 17183.611504459986
        },
        "data_sent": {
            "count": 38820,
            "rate": 7665.243304833516
        },
        "dropped_iterations": {
            "count": 2381,
            "rate": 470.14282093788256
        },
        "http_req_blocked": {
            "avg": 107.97921416666667,
            "max": 1304.9051,
            "med": 0.0397,
            "min": 0.0244,
            "p(90)": 0.12569000000000025,
            "p(95)": 1292.1997150000002
        },
        "http_req_connecting": {
            "avg": 25.384234166666662,
            "max": 305.5597,
            "med": 0,
            "min": 0,
            "p(90)": 0,
            "p(95)": 304.405455
        },
        "http_req_duration": {
            "avg": 301.1933416666668,
            "max": 328.6632,
            "med": 300.98159999999996,
            "min": 281.1382,
            "p(90)": 307.93447000000003,
            "p(95)": 320.49649
        },
        "http_req_receiving": {
            "avg": 0.4110349999999998,
            "max": 3.752,
            "med": 0.1786,
            "min": 0.0724,
            "p(90)": 0.9416600000000002,
            "p(95)": 1.853279999999999
        },
        "http_req_sending": {
            "avg": 0.19895000000000002,
            "max": 1.7534,
            "med": 0.13,
            "min": 0.0596,
            "p(90)": 0.3002100000000003,
            "p(95)": 0.5157349999999995
        },
        "http_req_tls_handshaking": {
            "avg": 57.50763833333334,
            "max": 691.2947,
            "med": 0,
            "min": 0,
            "p(90)": 0,
            "p(95)": 689.8240649999999
        },
        "http_req_waiting": {
            "avg": 300.58335666666676,
            "max": 328.2073,
            "med": 300.62625,
            "min": 280.0297,
            "p(90)": 307.42792,
            "p(95)": 320.23621999999995
        },
        "http_reqs": {
            "count": 120,
            "rate": 23.694724280783667
        },
        "iteration_duration": {
            "avg": 412.3091350000001,
            "max": 1632.3839,
            "med": 302.449,
            "min": 289.1818,
            "p(90)": 327.18878,
            "p(95)": 1608.817245
        },
        "iterations": {
            "count": 120,
            "rate": 23.694724280783667
        },
        "vus": {
            "max": 10,
            "min": 10,
            "value": 10
        },
        "vus_max": {
            "max": 10,
            "min": 10,
            "value": 10
        }
    },
    "root_group": {
        "name": "",
        "path": "",
        "id": "d41d8cd98f00b204e9800998ecf8427e",
        "groups": {},
        "checks": {
            "is status 200": {
                "name": "is status 200",
                "path": "::is status 200",
                "id": "548d37ca5f33793206f7832e7cea54fb",
                "passes": 120,
                "fails": 0
            },
            "no error in body": {
                "name": "no error in body",
                "path": "::no error in body",
                "id": "2304d1de9b435292b5c06f40b4167043",
                "passes": 120,
                "fails": 0
            }
        }
    }
}
