{
    "metrics": {
        "checks": {
            "fails": 0,
            "passes": 256,
            "value": 0
        },
        "data_received": {
            "count": 89583,
            "rate": 16901.74136254755
        },
        "data_sent": {
            "count": 41124,
            "rate": 7758.918676460996
        },
        "dropped_iterations": {
            "count": 2373,
            "rate": 447.7170027050371
        },
        "http_req_blocked": {
            "avg": 100.86946093750001,
            "max": 1307.8074,
            "med": 0.0414,
            "min": 0.0215,
            "p(90)": 0.1727599999999999,
            "p(95)": 1282.1353
        },
        "http_req_connecting": {
            "avg": 24.080457031250003,
            "max": 308.8694,
            "med": 0,
            "min": 0,
            "p(90)": 0,
            "p(95)": 308.01253
        },
        "http_req_duration": {
            "avg": 290.25985078125,
            "max": 324.5807,
            "med": 289.55854999999997,
            "min": 247.714,
            "p(90)": 306.42392,
            "p(95)": 314.418
        },
        "http_req_receiving": {
            "avg": 0.31917656249999987,
            "max": 2.5463,
            "med": 0.21285,
            "min": 0.1203,
            "p(90)": 0.5297299999999999,
            "p(95)": 0.7733149999999996
        },
        "http_req_sending": {
            "avg": 0.15704609375000003,
            "max": 0.4201,
            "med": 0.14325,
            "min": 0.0733,
            "p(90)": 0.23398,
            "p(95)": 0.2774299999999999
        },
        "http_req_tls_handshaking": {
            "avg": 49.922609375,
            "max": 653.0273,
            "med": 0,
            "min": 0,
            "p(90)": 0,
            "p(95)": 633.0212549999999
        },
        "http_req_waiting": {
            "avg": 289.783628125,
            "max": 324.1681,
            "med": 288.93035,
            "min": 247.0757,
            "p(90)": 306.0788,
            "p(95)": 314.09259
        },
        "http_reqs": {
            "count": 128,
            "rate": 24.14992682100495
        },
        "iteration_duration": {
            "avg": 394.46203984374984,
            "max": 1611.8502,
            "med": 293.0688,
            "min": 277.7269,
            "p(90)": 321.05879,
            "p(95)": 1571.72469
        },
        "iterations": {
            "count": 128,
            "rate": 24.14992682100495
        },
        "vus": {
            "max": 10,
            "min": 10,
            "value": 10
        },
        "vus_max": {
            "max": 10,
            "min": 10,
            "value": 10
        }
    },
    "root_group": {
        "name": "",
        "path": "",
        "id": "d41d8cd98f00b204e9800998ecf8427e",
        "groups": {},
        "checks": {
            "is status 200": {
                "name": "is status 200",
                "path": "::is status 200",
                "id": "548d37ca5f33793206f7832e7cea54fb",
                "passes": 128,
                "fails": 0
            },
            "no error in body": {
                "name": "no error in body",
                "path": "::no error in body",
                "id": "2304d1de9b435292b5c06f40b4167043",
                "passes": 128,
                "fails": 0
            }
        }
    }
}
