{
    "metrics": {
        "checks": {
            "fails": 0,
            "passes": 238,
            "value": 0
        },
        "data_received": {
            "count": 86176,
            "rate": 16338.56813654626
        },
        "data_sent": {
            "count": 38145,
            "rate": 7232.114295958934
        },
        "dropped_iterations": {
            "count": 2381,
            "rate": 451.4265077645359
        },
        "http_req_blocked": {
            "avg": 90.00473109243696,
            "max": 1087.0722,
            "med": 0.0341,
            "min": 0.019,
            "p(90)": 0.1070000000000001,
            "p(95)": 1066.82711
        },
        "http_req_connecting": {
            "avg": 24.904057983193276,
            "max": 310.6543,
            "med": 0,
            "min": 0,
            "p(90)": 0,
            "p(95)": 292.18539
        },
        "http_req_duration": {
            "avg": 340.37219075630253,
            "max": 637.657,
            "med": 326.2612,
            "min": 298.2472,
            "p(90)": 394.43816,
            "p(95)": 402.81602999999996
        },
        "http_req_receiving": {
            "avg": 0.20355546218487394,
            "max": 1.0049,
            "med": 0.1623,
            "min": 0.0585,
            "p(90)": 0.31762,
            "p(95)": 0.48684
        },
        "http_req_sending": {
            "avg": 0.19671764705882352,
            "max": 4.4272,
            "med": 0.1381,
            "min": 0.0516,
            "p(90)": 0.25529999999999997,
            "p(95)": 0.29742999999999997
        },
        "http_req_tls_handshaking": {
            "avg": 59.013442016806714,
            "max": 703.3522,
            "med": 0,
            "min": 0,
            "p(90)": 0,
            "p(95)": 702.34695
        },
        "http_req_waiting": {
            "avg": 339.9719176470588,
            "max": 637.4501,
            "med": 326.0094,
            "min": 297.5737,
            "p(90)": 393.8685,
            "p(95)": 402.56973
        },
        "http_reqs": {
            "count": 119,
            "rate": 22.561845621159083
        },
        "iteration_duration": {
            "avg": 430.90589411764716,
            "max": 1406.0655,
            "med": 334.306,
            "min": 298.659,
            "p(90)": 410.52728,
            "p(95)": 1377.84177
        },
        "iterations": {
            "count": 119,
            "rate": 22.561845621159083
        },
        "vus": {
            "max": 10,
            "min": 10,
            "value": 10
        },
        "vus_max": {
            "max": 10,
            "min": 10,
            "value": 10
        }
    },
    "root_group": {
        "name": "",
        "path": "",
        "id": "d41d8cd98f00b204e9800998ecf8427e",
        "groups": {},
        "checks": {
            "is status 200": {
                "name": "is status 200",
                "path": "::is status 200",
                "id": "548d37ca5f33793206f7832e7cea54fb",
                "passes": 119,
                "fails": 0
            },
            "no error in body": {
                "name": "no error in body",
                "path": "::no error in body",
                "id": "2304d1de9b435292b5c06f40b4167043",
                "passes": 119,
                "fails": 0
            }
        }
    }
}
