{
    "metrics": {
        "checks": {
            "fails": 0,
            "passes": 196,
            "value": 0
        },
        "data_received": {
            "count": 78526,
            "rate": 14677.704608568594
        },
        "data_sent": {
            "count": 32160,
            "rate": 6011.193492748465
        },
        "dropped_iterations": {
            "count": 2403,
            "rate": 449.15727497122396
        },
        "http_req_blocked": {
            "avg": 163.01890918367351,
            "max": 2987.3493,
            "med": 0.04195,
            "min": 0.0228,
            "p(90)": 325.6535399999969,
            "p(95)": 1363.628385
        },
        "http_req_connecting": {
            "avg": 29.75655612244898,
            "max": 303.623,
            "med": 0,
            "min": 0,
            "p(90)": 84.2447699999992,
            "p(95)": 287.791175
        },
        "http_req_duration": {
            "avg": 364.9118551020409,
            "max": 1432.5555,
            "med": 306.26755,
            "min": 292.5081,
            "p(90)": 615.5822899999998,
            "p(95)": 703.5672099999999
        },
        "http_req_receiving": {
            "avg": 16.178639795918365,
            "max": 887.4258,
            "med": 0.2676,
            "min": 0.1411,
            "p(90)": 0.96542,
            "p(95)": 1.2660549999999973
        },
        "http_req_sending": {
            "avg": 0.2023622448979591,
            "max": 1.1878,
            "med": 0.16795,
            "min": 0.0734,
            "p(90)": 0.28206,
            "p(95)": 0.3774799999999999
        },
        "http_req_tls_handshaking": {
            "avg": 126.64731836734694,
            "max": 2636.3767,
            "med": 0,
            "min": 0,
            "p(90)": 221.5453499999979,
            "p(95)": 997.0530399999999
        },
        "http_req_waiting": {
            "avg": 348.5308530612245,
            "max": 1432.2348,
            "med": 305.0935,
            "min": 292.1223,
            "p(90)": 332.15819,
            "p(95)": 680.3691149999997
        },
        "http_reqs": {
            "count": 98,
            "rate": 18.3176916134748
        },
        "iteration_duration": {
            "avg": 528.6613581632653,
            "max": 3292.28,
            "med": 315.9301,
            "min": 293.0811,
            "p(90)": 1385.05376,
            "p(95)": 1721.7801749999983
        },
        "iterations": {
            "count": 98,
            "rate": 18.3176916134748
        },
        "vus": {
            "max": 10,
            "min": 10,
            "value": 10
        },
        "vus_max": {
            "max": 10,
            "min": 10,
            "value": 10
        }
    },
    "root_group": {
        "name": "",
        "path": "",
        "id": "d41d8cd98f00b204e9800998ecf8427e",
        "groups": {},
        "checks": {
            "is status 200": {
                "name": "is status 200",
                "path": "::is status 200",
                "id": "548d37ca5f33793206f7832e7cea54fb",
                "passes": 98,
                "fails": 0
            },
            "no error in body": {
                "name": "no error in body",
                "path": "::no error in body",
                "id": "2304d1de9b435292b5c06f40b4167043",
                "passes": 98,
                "fails": 0
            }
        }
    }
}
