{
    "metrics": {
        "checks": {
            "fails": 0,
            "passes": 200,
            "value": 0
        },
        "data_received": {
            "count": 79528,
            "rate": 15712.083692410793
        },
        "data_sent": {
            "count": 32730,
            "rate": 6466.357751390771
        },
        "dropped_iterations": {
            "count": 2400,
            "rate": 474.16005509739847
        },
        "http_req_blocked": {
            "avg": 126.65754899999997,
            "max": 1274.3169,
            "med": 0.03415,
            "min": 0.0196,
            "p(90)": 126.61509000001071,
            "p(95)": 1265.84201
        },
        "http_req_connecting": {
            "avg": 34.387366,
            "max": 351.6963,
            "med": 0,
            "min": 0,
            "p(90)": 33.72856000000287,
            "p(95)": 342.78113
        },
        "http_req_duration": {
            "avg": 364.79844000000014,
            "max": 423.0512,
            "med": 389.26805,
            "min": 295.7259,
            "p(90)": 412.10723,
            "p(95)": 412.568105
        },
        "http_req_receiving": {
            "avg": 0.373075,
            "max": 3.0362,
            "med": 0.19955,
            "min": 0.0534,
            "p(90)": 0.6774800000000006,
            "p(95)": 1.722124999999999
        },
        "http_req_sending": {
            "avg": 0.16359700000000005,
            "max": 0.6542,
            "med": 0.1265,
            "min": 0.0548,
            "p(90)": 0.2838000000000002,
            "p(95)": 0.37723999999999996
        },
        "http_req_tls_handshaking": {
            "avg": 92.09091000000001,
            "max": 924.5858,
            "med": 0,
            "min": 0,
            "p(90)": 91.89738000000783,
            "p(95)": 919.818825
        },
        "http_req_waiting": {
            "avg": 364.261768,
            "max": 422.8723,
            "med": 388.92089999999996,
            "min": 295.3989,
            "p(90)": 411.44822000000005,
            "p(95)": 411.95534999999995
        },
        "http_reqs": {
            "count": 100,
            "rate": 19.7566689623916
        },
        "iteration_duration": {
            "avg": 495.84577600000006,
            "max": 1724.8136,
            "med": 389.67404999999997,
            "min": 296.7563,
            "p(90)": 551.856120000011,
            "p(95)": 1714.97716
        },
        "iterations": {
            "count": 100,
            "rate": 19.7566689623916
        },
        "vus": {
            "max": 10,
            "min": 10,
            "value": 10
        },
        "vus_max": {
            "max": 10,
            "min": 10,
            "value": 10
        }
    },
    "root_group": {
        "name": "",
        "path": "",
        "id": "d41d8cd98f00b204e9800998ecf8427e",
        "groups": {},
        "checks": {
            "is status 200": {
                "name": "is status 200",
                "path": "::is status 200",
                "id": "548d37ca5f33793206f7832e7cea54fb",
                "passes": 100,
                "fails": 0
            },
            "no error in body": {
                "name": "no error in body",
                "path": "::no error in body",
                "id": "2304d1de9b435292b5c06f40b4167043",
                "passes": 100,
                "fails": 0
            }
        }
    }
}
