{
    "metrics": {
        "checks": {
            "fails": 0,
            "passes": 20,
            "value": 0
        },
        "data_received": {
            "count": 46888,
            "rate": 4615.998775315118
        },
        "data_sent": {
            "count": 7080,
            "rate": 697.0071517068553
        },
        "dropped_iterations": {
            "count": 2490,
            "rate": 245.1338711511398
        },
        "http_req_blocked": {
            "avg": 1073.7770299999997,
            "max": 1095.7675,
            "med": 1071.9091,
            "min": 1059.1122,
            "p(90)": 1084.09477,
            "p(95)": 1089.931135
        },
        "http_req_connecting": {
            "avg": 255.16045000000003,
            "max": 270.5453,
            "med": 252.59555,
            "min": 245.5154,
            "p(90)": 265.43366,
            "p(95)": 267.98948
        },
        "http_req_duration": {
            "avg": 9014.705570000002,
            "max": 9024.0709,
            "med": 9016.43435,
            "min": 8999.8817,
            "p(90)": 9022.9225,
            "p(95)": 9023.496700000002
        },
        "http_req_receiving": {
            "avg": 0.80677,
            "max": 2.2985,
            "med": 0.29035,
            "min": 0.1113,
            "p(90)": 1.8427399999999998,
            "p(95)": 2.0706199999999995
        },
        "http_req_sending": {
            "avg": 0.26592,
            "max": 0.7127,
            "med": 0.1894,
            "min": 0.1237,
            "p(90)": 0.40399999999999986,
            "p(95)": 0.5583499999999997
        },
        "http_req_tls_handshaking": {
            "avg": 743.3257,
            "max": 749.0463,
            "med": 743.207,
            "min": 739.4165,
            "p(90)": 745.53954,
            "p(95)": 747.29292
        },
        "http_req_waiting": {
            "avg": 9013.632880000001,
            "max": 9022.4198,
            "med": 9016.0474,
            "min": 8998.4772,
            "p(90)": 9022.36031,
            "p(95)": 9022.390055
        },
        "http_reqs": {
            "count": 10,
            "rate": 0.9844733781170273
        },
        "iteration_duration": {
            "avg": 10089.02036,
            "max": 10106.018,
            "med": 10087.8409,
            "min": 10079.5384,
            "p(90)": 10095.9695,
            "p(95)": 10100.99375
        },
        "iterations": {
            "count": 10,
            "rate": 0.9844733781170273
        },
        "vus": {
            "max": 10,
            "min": 10,
            "value": 10
        },
        "vus_max": {
            "max": 10,
            "min": 10,
            "value": 10
        }
    },
    "root_group": {
        "name": "",
        "path": "",
        "id": "d41d8cd98f00b204e9800998ecf8427e",
        "groups": {},
        "checks": {
            "is status 200": {
                "name": "is status 200",
                "path": "::is status 200",
                "id": "548d37ca5f33793206f7832e7cea54fb",
                "passes": 10,
                "fails": 0
            },
            "no error in body": {
                "name": "no error in body",
                "path": "::no error in body",
                "id": "2304d1de9b435292b5c06f40b4167043",
                "passes": 10,
                "fails": 0
            }
        }
    }
}
