{
    "metrics": {
        "checks": {
            "fails": 0,
            "passes": 208,
            "value": 0
        },
        "data_received": {
            "count": 80836,
            "rate": 14359.072302607876
        },
        "data_sent": {
            "count": 33870,
            "rate": 6016.400847262714
        },
        "dropped_iterations": {
            "count": 2397,
            "rate": 425.7842583669538
        },
        "http_req_blocked": {
            "avg": 116.18344230769239,
            "max": 1606.5189,
            "med": 0.04305,
            "min": 0.0238,
            "p(90)": 0.21877000000000005,
            "p(95)": 1121.073445
        },
        "http_req_connecting": {
            "avg": 27.8797125,
            "max": 296.6762,
            "med": 0,
            "min": 0,
            "p(90)": 0,
            "p(95)": 290.28213999999997
        },
        "http_req_duration": {
            "avg": 384.7253423076922,
            "max": 1226.8738,
            "med": 309.6406,
            "min": 293.3798,
            "p(90)": 674.04461,
            "p(95)": 798.1248849999993
        },
        "http_req_receiving": {
            "avg": 15.528531730769231,
            "max": 918.5203,
            "med": 0.2291,
            "min": 0.0966,
            "p(90)": 1.02058,
            "p(95)": 1.8888749999999979
        },
        "http_req_sending": {
            "avg": 0.19468942307692313,
            "max": 1.855,
            "med": 0.1527,
            "min": 0.0686,
            "p(90)": 0.27687,
            "p(95)": 0.34931499999999993
        },
        "http_req_tls_handshaking": {
            "avg": 81.12436346153847,
            "max": 1248.3218,
            "med": 0,
            "min": 0,
            "p(90)": 0,
            "p(95)": 756.0925550000001
        },
        "http_req_waiting": {
            "avg": 369.0021211538461,
            "max": 1107.9466,
            "med": 307.79115,
            "min": 293.0833,
            "p(90)": 666.45461,
            "p(95)": 688.242185
        },
        "http_reqs": {
            "count": 104,
            "rate": 18.473743375120232
        },
        "iteration_duration": {
            "avg": 501.5280855769231,
            "max": 2415.4324,
            "med": 310.9845,
            "min": 294.2093,
            "p(90)": 1191.8924900000004,
            "p(95)": 1434.885945
        },
        "iterations": {
            "count": 104,
            "rate": 18.473743375120232
        },
        "vus": {
            "max": 10,
            "min": 10,
            "value": 10
        },
        "vus_max": {
            "max": 10,
            "min": 10,
            "value": 10
        }
    },
    "root_group": {
        "name": "",
        "path": "",
        "id": "d41d8cd98f00b204e9800998ecf8427e",
        "groups": {},
        "checks": {
            "is status 200": {
                "name": "is status 200",
                "path": "::is status 200",
                "id": "548d37ca5f33793206f7832e7cea54fb",
                "passes": 104,
                "fails": 0
            },
            "no error in body": {
                "name": "no error in body",
                "path": "::no error in body",
                "id": "2304d1de9b435292b5c06f40b4167043",
                "passes": 104,
                "fails": 0
            }
        }
    }
}
