{
    "metrics": {
        "checks": {
            "fails": 61,
            "passes": 59,
            "value": 0
        },
        "data_received": {
            "count": 117182,
            "rate": 3897.033282464393
        },
        "data_sent": {
            "count": 20826,
            "rate": 692.5945549709294
        },
        "dropped_iterations": {
            "count": 2440,
            "rate": 81.14523740176067
        },
        "http_req_blocked": {
            "avg": 464.79283004999985,
            "max": 9528.554336,
            "med": 0.0059735,
            "min": 0,
            "p(90)": 1889.373280000001,
            "p(95)": 2577.8484840999977
        },
        "http_req_connecting": {
            "avg": 296.82762089999994,
            "max": 7552.25292,
            "med": 0,
            "min": 0,
            "p(90)": 1280.3828151999999,
            "p(95)": 1288.9942907
        },
        "http_req_duration": {
            "avg": 378.68845294999994,
            "max": 2288.462562,
            "med": 280.525603,
            "min": 0,
            "p(90)": 320.3316872,
            "p(95)": 1280.07777535
        },
        "http_req_receiving": {
            "avg": 0.21002215,
            "max": 1.198817,
            "med": 0.137072,
            "min": 0,
            "p(90)": 0.34675120000000004,
            "p(95)": 0.7185531499999996
        },
        "http_req_sending": {
            "avg": 0.12370106666666665,
            "max": 1.488883,
            "med": 0.10316349999999999,
            "min": 0,
            "p(90)": 0.12750730000000002,
            "p(95)": 0.13480299999999998
        },
        "http_req_tls_handshaking": {
            "avg": 166.88525538333334,
            "max": 1977.939226,
            "med": 0,
            "min": 0,
            "p(90)": 647.2395329000001,
            "p(95)": 1246.1690145
        },
        "http_req_waiting": {
            "avg": 378.35472973333344,
            "max": 2288.203117,
            "med": 280.2759635,
            "min": 0,
            "p(90)": 320.1281714,
            "p(95)": 1279.84357035
        },
        "http_reqs": {
            "count": 60,
            "rate": 1.9953746902072296
        },
        "iteration_duration": {
            "avg": 1344.287153433333,
            "max": 30017.657272,
            "med": 282.62381600000003,
            "min": 259.59219,
            "p(90)": 3193.6682066,
            "p(95)": 3837.793810199999
        },
        "iterations": {
            "count": 60,
            "rate": 1.9953746902072296
        },
        "vus": {
            "max": 10,
            "min": 10,
            "value": 10
        },
        "vus_max": {
            "max": 10,
            "min": 10,
            "value": 10
        }
    },
    "root_group": {
        "name": "",
        "path": "",
        "id": "d41d8cd98f00b204e9800998ecf8427e",
        "groups": {},
        "checks": {
            "is status 200": {
                "name": "is status 200",
                "path": "::is status 200",
                "id": "548d37ca5f33793206f7832e7cea54fb",
                "passes": 59,
                "fails": 1
            },
            "no error in body": {
                "name": "no error in body",
                "path": "::no error in body",
                "id": "2304d1de9b435292b5c06f40b4167043",
                "passes": 0,
                "fails": 60
            }
        }
    }
}
