{
    "metrics": {
        "checks": {
            "fails": 0,
            "passes": 62,
            "value": 0
        },
        "data_received": {
            "count": 54411,
            "rate": 8573.391229000541
        },
        "data_sent": {
            "count": 13065,
            "rate": 2058.616022622118
        },
        "dropped_iterations": {
            "count": 2470,
            "rate": 389.1910888539328
        },
        "http_req_blocked": {
            "avg": 397.91126129032267,
            "max": 2053.6386,
            "med": 0.0403,
            "min": 0.0221,
            "p(90)": 1195.9555,
            "p(95)": 1248.7186000000002
        },
        "http_req_connecting": {
            "avg": 99.34974838709678,
            "max": 310.2435,
            "med": 0,
            "min": 0,
            "p(90)": 309.5811,
            "p(95)": 310.05165
        },
        "http_req_duration": {
            "avg": 1517.2769064516128,
            "max": 2569.1518,
            "med": 1375.3686,
            "min": 644.8112,
            "p(90)": 1995.8606,
            "p(95)": 2436.2356
        },
        "http_req_receiving": {
            "avg": 100.88848387096772,
            "max": 1040.4213,
            "med": 0.2434,
            "min": 0.0877,
            "p(90)": 1.0201,
            "p(95)": 1039.1236
        },
        "http_req_sending": {
            "avg": 0.17080645161290323,
            "max": 0.4244,
            "med": 0.1658,
            "min": 0.0809,
            "p(90)": 0.2469,
            "p(95)": 0.2808
        },
        "http_req_tls_handshaking": {
            "avg": 276.45124838709677,
            "max": 1683.9902,
            "med": 0,
            "min": 0,
            "p(90)": 814.3525,
            "p(95)": 867.6466
        },
        "http_req_waiting": {
            "avg": 1416.2176161290324,
            "max": 1994.6664,
            "med": 1368.6639,
            "min": 644.6115,
            "p(90)": 1986.863,
            "p(95)": 1992.12635
        },
        "http_reqs": {
            "count": 31,
            "rate": 4.884584515980533
        },
        "iteration_duration": {
            "avg": 1915.8249032258066,
            "max": 3661.2691,
            "med": 1644.1419,
            "min": 645.2219,
            "p(90)": 2960.9454,
            "p(95)": 3656.6965
        },
        "iterations": {
            "count": 31,
            "rate": 4.884584515980533
        },
        "vus": {
            "max": 10,
            "min": 10,
            "value": 10
        },
        "vus_max": {
            "max": 10,
            "min": 10,
            "value": 10
        }
    },
    "root_group": {
        "name": "",
        "path": "",
        "id": "d41d8cd98f00b204e9800998ecf8427e",
        "groups": {},
        "checks": {
            "is status 200": {
                "name": "is status 200",
                "path": "::is status 200",
                "id": "548d37ca5f33793206f7832e7cea54fb",
                "passes": 31,
                "fails": 0
            },
            "no error in body": {
                "name": "no error in body",
                "path": "::no error in body",
                "id": "2304d1de9b435292b5c06f40b4167043",
                "passes": 31,
                "fails": 0
            }
        }
    }
}
